#
# TABLE STRUCTURE FOR: attendence_type
#

DROP TABLE IF EXISTS `attendence_type`;

CREATE TABLE `attendence_type` (
  `id` int(11) NOT NULL AUTO_INCREMENT,
  `type` varchar(50) DEFAULT NULL,
  `key_value` varchar(50) NOT NULL,
  `is_active` varchar(255) DEFAULT 'no',
  `created_at` timestamp NOT NULL DEFAULT CURRENT_TIMESTAMP ON UPDATE CURRENT_TIMESTAMP,
  `updated_at` timestamp NOT NULL DEFAULT '0000-00-00 00:00:00',
  PRIMARY KEY (`id`)
) ENGINE=InnoDB AUTO_INCREMENT=7 DEFAULT CHARSET=utf8;

INSERT INTO `attendence_type` (`id`, `type`, `key_value`, `is_active`, `created_at`, `updated_at`) VALUES (1, 'Present', '<b class=\"text text-success\">P</b>', 'yes', '2016-06-23 23:41:37', '0000-00-00 00:00:00');
INSERT INTO `attendence_type` (`id`, `type`, `key_value`, `is_active`, `created_at`, `updated_at`) VALUES (2, 'Late With Excuse', '<b class=\"text text-warning\">E</b>', 'no', '2018-05-29 13:49:48', '0000-00-00 00:00:00');
INSERT INTO `attendence_type` (`id`, `type`, `key_value`, `is_active`, `created_at`, `updated_at`) VALUES (3, 'Late', '<b class=\"text text-warning\">L</b>', 'yes', '2016-06-23 23:42:28', '0000-00-00 00:00:00');
INSERT INTO `attendence_type` (`id`, `type`, `key_value`, `is_active`, `created_at`, `updated_at`) VALUES (4, 'Absent', '<b class=\"text text-danger\">A</b>', 'yes', '2016-10-11 17:05:40', '0000-00-00 00:00:00');
INSERT INTO `attendence_type` (`id`, `type`, `key_value`, `is_active`, `created_at`, `updated_at`) VALUES (5, 'Holiday', 'H', 'yes', '2016-10-11 17:05:01', '0000-00-00 00:00:00');
INSERT INTO `attendence_type` (`id`, `type`, `key_value`, `is_active`, `created_at`, `updated_at`) VALUES (6, 'Half Day', '<b class=\"text text-warning\">F</b>', 'yes', '2016-06-23 23:42:28', '0000-00-00 00:00:00');


#
# TABLE STRUCTURE FOR: book_issues
#

DROP TABLE IF EXISTS `book_issues`;

CREATE TABLE `book_issues` (
  `id` int(11) unsigned NOT NULL AUTO_INCREMENT,
  `book_id` int(11) DEFAULT NULL,
  `return_date` date DEFAULT NULL,
  `issue_date` date DEFAULT NULL,
  `is_returned` int(11) DEFAULT '0',
  `member_id` int(11) DEFAULT NULL,
  `is_active` varchar(10) NOT NULL DEFAULT 'no',
  `created_at` timestamp NOT NULL DEFAULT CURRENT_TIMESTAMP ON UPDATE CURRENT_TIMESTAMP,
  PRIMARY KEY (`id`)
) ENGINE=InnoDB AUTO_INCREMENT=3 DEFAULT CHARSET=utf8;

INSERT INTO `book_issues` (`id`, `book_id`, `return_date`, `issue_date`, `is_returned`, `member_id`, `is_active`, `created_at`) VALUES (1, 1, '2019-05-02', '2019-04-18', 1, 4, 'no', '2019-04-18 14:52:01');
INSERT INTO `book_issues` (`id`, `book_id`, `return_date`, `issue_date`, `is_returned`, `member_id`, `is_active`, `created_at`) VALUES (2, 1, '2019-04-19', '2019-04-18', 0, 4, 'no', '2019-04-18 14:52:37');


#
# TABLE STRUCTURE FOR: books
#

DROP TABLE IF EXISTS `books`;

CREATE TABLE `books` (
  `id` int(11) NOT NULL AUTO_INCREMENT,
  `book_title` varchar(100) NOT NULL,
  `book_no` varchar(50) NOT NULL,
  `isbn_no` varchar(100) NOT NULL,
  `subject` varchar(100) DEFAULT NULL,
  `rack_no` varchar(100) NOT NULL,
  `publish` varchar(100) DEFAULT NULL,
  `author` varchar(100) DEFAULT NULL,
  `qty` int(11) DEFAULT NULL,
  `perunitcost` float(10,2) DEFAULT NULL,
  `postdate` date DEFAULT NULL,
  `description` text,
  `available` varchar(10) DEFAULT 'yes',
  `is_active` varchar(255) DEFAULT 'no',
  `created_at` timestamp NOT NULL DEFAULT CURRENT_TIMESTAMP ON UPDATE CURRENT_TIMESTAMP,
  `updated_at` timestamp NOT NULL DEFAULT '0000-00-00 00:00:00',
  PRIMARY KEY (`id`)
) ENGINE=InnoDB AUTO_INCREMENT=3 DEFAULT CHARSET=utf8;

INSERT INTO `books` (`id`, `book_title`, `book_no`, `isbn_no`, `subject`, `rack_no`, `publish`, `author`, `qty`, `perunitcost`, `postdate`, `description`, `available`, `is_active`, `created_at`, `updated_at`) VALUES (1, 'Mathematics', '123', '456123', 'MATHS', '4', 'SK Publications', 'R D Sharma', 100, '500.00', '2019-04-18', 'Mathematics for 10th Student', 'yes', 'no', '2019-04-18 14:49:08', '0000-00-00 00:00:00');
INSERT INTO `books` (`id`, `book_title`, `book_no`, `isbn_no`, `subject`, `rack_no`, `publish`, `author`, `qty`, `perunitcost`, `postdate`, `description`, `available`, `is_active`, `created_at`, `updated_at`) VALUES (2, 'English', '456', '789456', 'English', '8', 'Tech Fest Publisher', 'Neetu Singh', 200, '900.00', '1970-01-01', 'English Work Book is also included ', 'yes', 'no', '2019-04-18 14:51:02', '0000-00-00 00:00:00');


#
# TABLE STRUCTURE FOR: categories
#

DROP TABLE IF EXISTS `categories`;

CREATE TABLE `categories` (
  `id` int(11) NOT NULL AUTO_INCREMENT,
  `category` varchar(100) DEFAULT NULL,
  `is_active` varchar(255) DEFAULT 'no',
  `created_at` timestamp NOT NULL DEFAULT CURRENT_TIMESTAMP ON UPDATE CURRENT_TIMESTAMP,
  `updated_at` timestamp NOT NULL DEFAULT '0000-00-00 00:00:00',
  PRIMARY KEY (`id`)
) ENGINE=InnoDB AUTO_INCREMENT=5 DEFAULT CHARSET=utf8;

INSERT INTO `categories` (`id`, `category`, `is_active`, `created_at`, `updated_at`) VALUES (1, 'OBC', 'no', '2019-04-17 17:31:17', '0000-00-00 00:00:00');
INSERT INTO `categories` (`id`, `category`, `is_active`, `created_at`, `updated_at`) VALUES (2, 'SC', 'no', '2019-04-17 17:31:26', '0000-00-00 00:00:00');
INSERT INTO `categories` (`id`, `category`, `is_active`, `created_at`, `updated_at`) VALUES (3, 'ST', 'no', '2019-04-17 17:31:30', '0000-00-00 00:00:00');
INSERT INTO `categories` (`id`, `category`, `is_active`, `created_at`, `updated_at`) VALUES (4, 'General', 'no', '2019-04-17 17:31:36', '0000-00-00 00:00:00');


#
# TABLE STRUCTURE FOR: certificates
#

DROP TABLE IF EXISTS `certificates`;

CREATE TABLE `certificates` (
  `id` int(11) NOT NULL AUTO_INCREMENT,
  `certificate_name` varchar(100) NOT NULL,
  `certificate_text` text NOT NULL,
  `left_header` varchar(100) NOT NULL,
  `center_header` varchar(100) NOT NULL,
  `right_header` varchar(100) NOT NULL,
  `left_footer` varchar(100) NOT NULL,
  `right_footer` varchar(100) NOT NULL,
  `center_footer` varchar(100) NOT NULL,
  `background_image` varchar(100) NOT NULL,
  `created_at` timestamp NOT NULL DEFAULT '0000-00-00 00:00:00' ON UPDATE CURRENT_TIMESTAMP,
  `updated_at` timestamp NOT NULL DEFAULT '0000-00-00 00:00:00',
  `created_for` tinyint(1) NOT NULL COMMENT '1 = staff, 2 = students',
  `status` tinyint(1) NOT NULL,
  `header_height` int(11) NOT NULL,
  `content_height` int(11) NOT NULL,
  `footer_height` int(11) NOT NULL,
  `content_width` int(11) NOT NULL,
  `enable_student_image` tinyint(1) NOT NULL COMMENT '0=no,1=yes',
  `enable_image_height` int(11) NOT NULL,
  PRIMARY KEY (`id`)
) ENGINE=InnoDB AUTO_INCREMENT=3 DEFAULT CHARSET=utf8;

INSERT INTO `certificates` (`id`, `certificate_name`, `certificate_text`, `left_header`, `center_header`, `right_header`, `left_footer`, `right_footer`, `center_footer`, `background_image`, `created_at`, `updated_at`, `created_for`, `status`, `header_height`, `content_height`, `footer_height`, `content_width`, `enable_student_image`, `enable_image_height`) VALUES (2, 'School Living Certificate', 'Arti 02-02-1993 Indore ABC 45 12-45 001 10th A FEMALE 02/2018 OBC OBC ABC XYZ HINDU abc@gmail.com 4567891235', '2019-18-001', 'CERTIFICATE', ' Date -  ____/___/______', 'Director Sign', 'Principle Sign', 'Seal ', '58811blog4.jpg', '2019-04-18 15:30:55', '0000-00-00 00:00:00', 2, 1, 9, 11, 9, 11, 1, 1);


#
# TABLE STRUCTURE FOR: class_sections
#

DROP TABLE IF EXISTS `class_sections`;

CREATE TABLE `class_sections` (
  `id` int(11) NOT NULL AUTO_INCREMENT,
  `class_id` int(11) DEFAULT NULL,
  `section_id` int(11) DEFAULT NULL,
  `is_active` varchar(255) DEFAULT 'no',
  `created_at` timestamp NOT NULL DEFAULT CURRENT_TIMESTAMP ON UPDATE CURRENT_TIMESTAMP,
  `updated_at` timestamp NOT NULL DEFAULT '0000-00-00 00:00:00',
  PRIMARY KEY (`id`),
  KEY `class_id` (`class_id`),
  KEY `section_id` (`section_id`)
) ENGINE=InnoDB AUTO_INCREMENT=16 DEFAULT CHARSET=utf8;

INSERT INTO `class_sections` (`id`, `class_id`, `section_id`, `is_active`, `created_at`, `updated_at`) VALUES (1, 2, 1, 'no', '2019-04-16 18:41:08', '0000-00-00 00:00:00');
INSERT INTO `class_sections` (`id`, `class_id`, `section_id`, `is_active`, `created_at`, `updated_at`) VALUES (2, 2, 2, 'no', '2019-04-16 18:42:28', '0000-00-00 00:00:00');
INSERT INTO `class_sections` (`id`, `class_id`, `section_id`, `is_active`, `created_at`, `updated_at`) VALUES (3, 2, 3, 'no', '2019-04-16 18:42:28', '0000-00-00 00:00:00');
INSERT INTO `class_sections` (`id`, `class_id`, `section_id`, `is_active`, `created_at`, `updated_at`) VALUES (4, 3, 1, 'no', '2019-04-16 18:42:43', '0000-00-00 00:00:00');
INSERT INTO `class_sections` (`id`, `class_id`, `section_id`, `is_active`, `created_at`, `updated_at`) VALUES (5, 3, 2, 'no', '2019-04-16 18:42:43', '0000-00-00 00:00:00');
INSERT INTO `class_sections` (`id`, `class_id`, `section_id`, `is_active`, `created_at`, `updated_at`) VALUES (6, 3, 3, 'no', '2019-04-16 18:42:43', '0000-00-00 00:00:00');
INSERT INTO `class_sections` (`id`, `class_id`, `section_id`, `is_active`, `created_at`, `updated_at`) VALUES (7, 4, 1, 'no', '2019-04-16 18:42:52', '0000-00-00 00:00:00');
INSERT INTO `class_sections` (`id`, `class_id`, `section_id`, `is_active`, `created_at`, `updated_at`) VALUES (8, 4, 2, 'no', '2019-04-16 18:42:52', '0000-00-00 00:00:00');
INSERT INTO `class_sections` (`id`, `class_id`, `section_id`, `is_active`, `created_at`, `updated_at`) VALUES (9, 4, 3, 'no', '2019-04-16 18:42:52', '0000-00-00 00:00:00');
INSERT INTO `class_sections` (`id`, `class_id`, `section_id`, `is_active`, `created_at`, `updated_at`) VALUES (10, 5, 1, 'no', '2019-04-17 18:41:55', '0000-00-00 00:00:00');
INSERT INTO `class_sections` (`id`, `class_id`, `section_id`, `is_active`, `created_at`, `updated_at`) VALUES (11, 5, 2, 'no', '2019-04-17 18:41:55', '0000-00-00 00:00:00');
INSERT INTO `class_sections` (`id`, `class_id`, `section_id`, `is_active`, `created_at`, `updated_at`) VALUES (12, 5, 3, 'no', '2019-04-17 18:41:55', '0000-00-00 00:00:00');
INSERT INTO `class_sections` (`id`, `class_id`, `section_id`, `is_active`, `created_at`, `updated_at`) VALUES (13, 6, 1, 'no', '2019-04-17 18:42:05', '0000-00-00 00:00:00');
INSERT INTO `class_sections` (`id`, `class_id`, `section_id`, `is_active`, `created_at`, `updated_at`) VALUES (14, 6, 2, 'no', '2019-04-17 18:42:05', '0000-00-00 00:00:00');
INSERT INTO `class_sections` (`id`, `class_id`, `section_id`, `is_active`, `created_at`, `updated_at`) VALUES (15, 6, 3, 'no', '2019-04-17 18:42:05', '0000-00-00 00:00:00');


#
# TABLE STRUCTURE FOR: class_teacher
#

DROP TABLE IF EXISTS `class_teacher`;

CREATE TABLE `class_teacher` (
  `id` int(11) NOT NULL AUTO_INCREMENT,
  `class_id` int(11) NOT NULL,
  `staff_id` int(11) NOT NULL,
  `section_id` int(11) NOT NULL,
  PRIMARY KEY (`id`)
) ENGINE=InnoDB AUTO_INCREMENT=2 DEFAULT CHARSET=utf8;

INSERT INTO `class_teacher` (`id`, `class_id`, `staff_id`, `section_id`) VALUES (1, 2, 2, 1);


#
# TABLE STRUCTURE FOR: classes
#

DROP TABLE IF EXISTS `classes`;

CREATE TABLE `classes` (
  `id` int(11) NOT NULL AUTO_INCREMENT,
  `class` varchar(60) DEFAULT NULL,
  `is_active` varchar(255) DEFAULT 'no',
  `created_at` timestamp NOT NULL DEFAULT CURRENT_TIMESTAMP ON UPDATE CURRENT_TIMESTAMP,
  `updated_at` timestamp NOT NULL DEFAULT '0000-00-00 00:00:00',
  PRIMARY KEY (`id`)
) ENGINE=InnoDB AUTO_INCREMENT=7 DEFAULT CHARSET=utf8;

INSERT INTO `classes` (`id`, `class`, `is_active`, `created_at`, `updated_at`) VALUES (2, '10th', 'no', '2019-04-16 18:41:08', '0000-00-00 00:00:00');
INSERT INTO `classes` (`id`, `class`, `is_active`, `created_at`, `updated_at`) VALUES (3, '9th', 'no', '2019-04-16 18:42:43', '0000-00-00 00:00:00');
INSERT INTO `classes` (`id`, `class`, `is_active`, `created_at`, `updated_at`) VALUES (4, '8th', 'no', '2019-04-16 18:42:52', '0000-00-00 00:00:00');
INSERT INTO `classes` (`id`, `class`, `is_active`, `created_at`, `updated_at`) VALUES (5, '11th', 'no', '2019-04-17 18:41:55', '0000-00-00 00:00:00');
INSERT INTO `classes` (`id`, `class`, `is_active`, `created_at`, `updated_at`) VALUES (6, '12th', 'no', '2019-04-17 18:42:05', '0000-00-00 00:00:00');


#
# TABLE STRUCTURE FOR: complaint
#

DROP TABLE IF EXISTS `complaint`;

CREATE TABLE `complaint` (
  `id` int(11) NOT NULL AUTO_INCREMENT,
  `complaint_type` varchar(15) NOT NULL,
  `source` varchar(15) NOT NULL,
  `name` varchar(100) NOT NULL,
  `contact` varchar(15) NOT NULL,
  `email` varchar(200) NOT NULL,
  `date` date NOT NULL,
  `description` text NOT NULL,
  `action_taken` varchar(200) NOT NULL,
  `assigned` varchar(50) NOT NULL,
  `note` text NOT NULL,
  `image` varchar(100) NOT NULL,
  PRIMARY KEY (`id`)
) ENGINE=InnoDB DEFAULT CHARSET=utf8;

#
# TABLE STRUCTURE FOR: complaint_type
#

DROP TABLE IF EXISTS `complaint_type`;

CREATE TABLE `complaint_type` (
  `id` int(11) NOT NULL AUTO_INCREMENT,
  `complaint_type` varchar(100) NOT NULL,
  `description` mediumtext NOT NULL,
  `created_at` timestamp NOT NULL DEFAULT CURRENT_TIMESTAMP ON UPDATE CURRENT_TIMESTAMP,
  PRIMARY KEY (`id`)
) ENGINE=InnoDB AUTO_INCREMENT=3 DEFAULT CHARSET=utf8;

INSERT INTO `complaint_type` (`id`, `complaint_type`, `description`, `created_at`) VALUES (1, 'Homework', 'Burden is too much on Students', '2019-04-17 17:20:17');
INSERT INTO `complaint_type` (`id`, `complaint_type`, `description`, `created_at`) VALUES (2, 'Teaching', 'The teacher who teaches Hindi is very much aggressive on Students', '2019-04-17 17:20:56');


#
# TABLE STRUCTURE FOR: content_for
#

DROP TABLE IF EXISTS `content_for`;

CREATE TABLE `content_for` (
  `id` int(11) NOT NULL AUTO_INCREMENT,
  `role` varchar(50) DEFAULT NULL,
  `content_id` int(11) DEFAULT NULL,
  `user_id` int(11) DEFAULT NULL,
  `created_at` timestamp NOT NULL DEFAULT CURRENT_TIMESTAMP ON UPDATE CURRENT_TIMESTAMP,
  PRIMARY KEY (`id`),
  KEY `content_id` (`content_id`),
  KEY `user_id` (`user_id`),
  CONSTRAINT `content_for_ibfk_1` FOREIGN KEY (`content_id`) REFERENCES `contents` (`id`) ON DELETE CASCADE,
  CONSTRAINT `content_for_ibfk_2` FOREIGN KEY (`user_id`) REFERENCES `users` (`id`) ON DELETE CASCADE
) ENGINE=InnoDB AUTO_INCREMENT=4 DEFAULT CHARSET=utf8;

INSERT INTO `content_for` (`id`, `role`, `content_id`, `user_id`, `created_at`) VALUES (1, 'Super Admin', 1, NULL, '2019-04-18 14:36:13');
INSERT INTO `content_for` (`id`, `role`, `content_id`, `user_id`, `created_at`) VALUES (2, 'student', 1, NULL, '2019-04-18 14:36:13');
INSERT INTO `content_for` (`id`, `role`, `content_id`, `user_id`, `created_at`) VALUES (3, 'student', 2, NULL, '2019-04-18 14:38:16');


#
# TABLE STRUCTURE FOR: contents
#

DROP TABLE IF EXISTS `contents`;

CREATE TABLE `contents` (
  `id` int(11) NOT NULL AUTO_INCREMENT,
  `title` varchar(100) DEFAULT NULL,
  `type` varchar(50) DEFAULT NULL,
  `is_public` varchar(10) DEFAULT 'No',
  `class_id` int(11) DEFAULT NULL,
  `cls_sec_id` int(10) NOT NULL,
  `file` varchar(250) DEFAULT NULL,
  `created_by` int(11) NOT NULL,
  `note` text,
  `is_active` varchar(255) DEFAULT 'no',
  `created_at` timestamp NOT NULL DEFAULT CURRENT_TIMESTAMP ON UPDATE CURRENT_TIMESTAMP,
  `updated_at` timestamp NOT NULL DEFAULT '0000-00-00 00:00:00',
  `date` date NOT NULL,
  PRIMARY KEY (`id`)
) ENGINE=InnoDB AUTO_INCREMENT=3 DEFAULT CHARSET=utf8;

INSERT INTO `contents` (`id`, `title`, `type`, `is_public`, `class_id`, `cls_sec_id`, `file`, `created_by`, `note`, `is_active`, `created_at`, `updated_at`, `date`) VALUES (1, 'Mathematics Notes', 'Study Material', 'No', 2, 1, 'uploads/school_content/material/1.pdf', 0, '', 'no', '2019-04-18 14:36:13', '0000-00-00 00:00:00', '2019-04-18');
INSERT INTO `contents` (`id`, `title`, `type`, `is_public`, `class_id`, `cls_sec_id`, `file`, `created_by`, `note`, `is_active`, `created_at`, `updated_at`, `date`) VALUES (2, 'PDF study Material', 'Study Material', 'No', 2, 1, 'uploads/school_content/material/2.pdf', 0, '', 'no', '2019-04-18 14:38:16', '0000-00-00 00:00:00', '2019-04-18');


#
# TABLE STRUCTURE FOR: department
#

DROP TABLE IF EXISTS `department`;

CREATE TABLE `department` (
  `id` int(11) NOT NULL AUTO_INCREMENT,
  `department_name` varchar(200) NOT NULL,
  `is_active` varchar(100) NOT NULL,
  PRIMARY KEY (`id`)
) ENGINE=InnoDB AUTO_INCREMENT=2 DEFAULT CHARSET=utf8;

INSERT INTO `department` (`id`, `department_name`, `is_active`) VALUES (1, 'Teacher', 'yes');


#
# TABLE STRUCTURE FOR: dispatch_receive
#

DROP TABLE IF EXISTS `dispatch_receive`;

CREATE TABLE `dispatch_receive` (
  `id` int(11) NOT NULL AUTO_INCREMENT,
  `reference_no` varchar(50) NOT NULL,
  `to_title` varchar(100) NOT NULL,
  `address` varchar(500) NOT NULL,
  `note` varchar(500) NOT NULL,
  `from_title` varchar(200) NOT NULL,
  `date` varchar(20) NOT NULL,
  `image` varchar(100) NOT NULL,
  `created_at` timestamp NOT NULL DEFAULT CURRENT_TIMESTAMP ON UPDATE CURRENT_TIMESTAMP,
  `updated_at` timestamp NOT NULL DEFAULT '0000-00-00 00:00:00',
  `type` varchar(10) NOT NULL,
  PRIMARY KEY (`id`)
) ENGINE=InnoDB DEFAULT CHARSET=utf8;

#
# TABLE STRUCTURE FOR: email_config
#

DROP TABLE IF EXISTS `email_config`;

CREATE TABLE `email_config` (
  `id` int(11) unsigned NOT NULL AUTO_INCREMENT,
  `email_type` varchar(100) DEFAULT NULL,
  `smtp_server` varchar(100) DEFAULT NULL,
  `smtp_port` varchar(100) DEFAULT NULL,
  `smtp_username` varchar(100) DEFAULT NULL,
  `smtp_password` varchar(100) DEFAULT NULL,
  `ssl_tls` varchar(100) DEFAULT NULL,
  `is_active` varchar(10) NOT NULL DEFAULT 'no',
  `created_at` timestamp NOT NULL DEFAULT CURRENT_TIMESTAMP ON UPDATE CURRENT_TIMESTAMP,
  PRIMARY KEY (`id`)
) ENGINE=InnoDB DEFAULT CHARSET=utf8;

#
# TABLE STRUCTURE FOR: enquiry
#

DROP TABLE IF EXISTS `enquiry`;

CREATE TABLE `enquiry` (
  `id` int(11) NOT NULL AUTO_INCREMENT,
  `name` varchar(100) NOT NULL,
  `contact` varchar(20) NOT NULL,
  `address` mediumtext NOT NULL,
  `reference` varchar(20) NOT NULL,
  `date` date NOT NULL,
  `description` varchar(500) NOT NULL,
  `follow_up_date` date NOT NULL,
  `note` mediumtext NOT NULL,
  `source` varchar(50) NOT NULL,
  `email` varchar(50) DEFAULT NULL,
  `assigned` varchar(100) NOT NULL,
  `class` int(11) NOT NULL,
  `no_of_child` varchar(11) DEFAULT NULL,
  `status` varchar(100) NOT NULL,
  PRIMARY KEY (`id`)
) ENGINE=InnoDB AUTO_INCREMENT=2 DEFAULT CHARSET=utf8;

INSERT INTO `enquiry` (`id`, `name`, `contact`, `address`, `reference`, `date`, `description`, `follow_up_date`, `note`, `source`, `email`, `assigned`, `class`, `no_of_child`, `status`) VALUES (1, 'Palak', '1234567891', '39/4 Indore', 'Friends', '2019-04-17', 'For Admission', '2019-04-17', 'no', 'News Paper', 'abcz@gmail.com', '', 3, '2', 'active');


#
# TABLE STRUCTURE FOR: enquiry_type
#

DROP TABLE IF EXISTS `enquiry_type`;

CREATE TABLE `enquiry_type` (
  `id` int(11) NOT NULL AUTO_INCREMENT,
  `enquiry_type` varchar(100) NOT NULL,
  `description` mediumtext NOT NULL,
  PRIMARY KEY (`id`)
) ENGINE=InnoDB DEFAULT CHARSET=utf8;

#
# TABLE STRUCTURE FOR: events
#

DROP TABLE IF EXISTS `events`;

CREATE TABLE `events` (
  `id` int(11) NOT NULL AUTO_INCREMENT,
  `event_title` varchar(200) NOT NULL,
  `event_description` varchar(300) NOT NULL,
  `start_date` datetime NOT NULL,
  `end_date` datetime NOT NULL,
  `event_type` varchar(100) NOT NULL,
  `event_color` varchar(200) NOT NULL,
  `event_for` varchar(100) NOT NULL,
  `is_active` varchar(100) NOT NULL,
  PRIMARY KEY (`id`)
) ENGINE=InnoDB DEFAULT CHARSET=utf8;

#
# TABLE STRUCTURE FOR: exam_results
#

DROP TABLE IF EXISTS `exam_results`;

CREATE TABLE `exam_results` (
  `id` int(11) NOT NULL AUTO_INCREMENT,
  `attendence` varchar(10) NOT NULL,
  `exam_schedule_id` int(11) DEFAULT NULL,
  `student_id` int(11) DEFAULT NULL,
  `get_marks` float(10,2) DEFAULT NULL,
  `note` text,
  `is_active` varchar(255) DEFAULT 'no',
  `created_at` timestamp NOT NULL DEFAULT CURRENT_TIMESTAMP ON UPDATE CURRENT_TIMESTAMP,
  `updated_at` timestamp NOT NULL DEFAULT '0000-00-00 00:00:00',
  PRIMARY KEY (`id`),
  KEY `exam_schedule_id` (`exam_schedule_id`),
  KEY `student_id` (`student_id`)
) ENGINE=InnoDB AUTO_INCREMENT=4 DEFAULT CHARSET=utf8;

INSERT INTO `exam_results` (`id`, `attendence`, `exam_schedule_id`, `student_id`, `get_marks`, `note`, `is_active`, `created_at`, `updated_at`) VALUES (1, 'ABS', 1, 1, '0.00', NULL, 'no', '2019-04-17 18:25:31', '0000-00-00 00:00:00');
INSERT INTO `exam_results` (`id`, `attendence`, `exam_schedule_id`, `student_id`, `get_marks`, `note`, `is_active`, `created_at`, `updated_at`) VALUES (2, 'pre', 2, 1, '20.00', NULL, 'no', '2019-04-17 18:25:31', '0000-00-00 00:00:00');
INSERT INTO `exam_results` (`id`, `attendence`, `exam_schedule_id`, `student_id`, `get_marks`, `note`, `is_active`, `created_at`, `updated_at`) VALUES (3, 'pre', 3, 1, '70.00', NULL, 'no', '2019-04-17 18:25:31', '0000-00-00 00:00:00');


#
# TABLE STRUCTURE FOR: exam_schedules
#

DROP TABLE IF EXISTS `exam_schedules`;

CREATE TABLE `exam_schedules` (
  `id` int(11) NOT NULL AUTO_INCREMENT,
  `session_id` int(11) NOT NULL,
  `exam_id` int(11) DEFAULT NULL,
  `teacher_subject_id` int(11) DEFAULT NULL,
  `date_of_exam` date DEFAULT NULL,
  `start_to` varchar(50) DEFAULT NULL,
  `end_from` varchar(50) DEFAULT NULL,
  `room_no` varchar(50) DEFAULT NULL,
  `full_marks` int(11) DEFAULT NULL,
  `passing_marks` int(11) DEFAULT NULL,
  `note` text,
  `is_active` varchar(255) DEFAULT 'no',
  `created_at` timestamp NOT NULL DEFAULT CURRENT_TIMESTAMP ON UPDATE CURRENT_TIMESTAMP,
  `updated_at` timestamp NOT NULL DEFAULT '0000-00-00 00:00:00',
  PRIMARY KEY (`id`),
  KEY `teacher_subject_id` (`teacher_subject_id`)
) ENGINE=InnoDB AUTO_INCREMENT=4 DEFAULT CHARSET=utf8;

INSERT INTO `exam_schedules` (`id`, `session_id`, `exam_id`, `teacher_subject_id`, `date_of_exam`, `start_to`, `end_from`, `room_no`, `full_marks`, `passing_marks`, `note`, `is_active`, `created_at`, `updated_at`) VALUES (1, 13, 1, 1, '2019-04-22', '11:00 AM', '06:15 PM', '101', 100, 34, NULL, 'no', '2019-04-17 18:24:05', '0000-00-00 00:00:00');
INSERT INTO `exam_schedules` (`id`, `session_id`, `exam_id`, `teacher_subject_id`, `date_of_exam`, `start_to`, `end_from`, `room_no`, `full_marks`, `passing_marks`, `note`, `is_active`, `created_at`, `updated_at`) VALUES (2, 13, 1, 2, '2019-04-22', '01:00 PM', '06:15 PM', '101', 100, 34, NULL, 'no', '2019-04-17 18:24:05', '0000-00-00 00:00:00');
INSERT INTO `exam_schedules` (`id`, `session_id`, `exam_id`, `teacher_subject_id`, `date_of_exam`, `start_to`, `end_from`, `room_no`, `full_marks`, `passing_marks`, `note`, `is_active`, `created_at`, `updated_at`) VALUES (3, 13, 1, 3, '2019-04-22', '02:00 PM', '06:15 PM', '101', 100, 34, NULL, 'no', '2019-04-17 18:24:05', '0000-00-00 00:00:00');


#
# TABLE STRUCTURE FOR: exams
#

DROP TABLE IF EXISTS `exams`;

CREATE TABLE `exams` (
  `id` int(11) NOT NULL AUTO_INCREMENT,
  `name` varchar(200) DEFAULT NULL,
  `sesion_id` int(11) NOT NULL,
  `note` text,
  `is_active` varchar(255) DEFAULT 'no',
  `created_at` timestamp NOT NULL DEFAULT CURRENT_TIMESTAMP ON UPDATE CURRENT_TIMESTAMP,
  `updated_at` timestamp NOT NULL DEFAULT '0000-00-00 00:00:00',
  PRIMARY KEY (`id`)
) ENGINE=InnoDB AUTO_INCREMENT=2 DEFAULT CHARSET=utf8;

INSERT INTO `exams` (`id`, `name`, `sesion_id`, `note`, `is_active`, `created_at`, `updated_at`) VALUES (1, 'Unit Test', 0, 'Xyz', 'no', '2019-04-17 18:18:24', '0000-00-00 00:00:00');


#
# TABLE STRUCTURE FOR: expense_head
#

DROP TABLE IF EXISTS `expense_head`;

CREATE TABLE `expense_head` (
  `id` int(11) NOT NULL AUTO_INCREMENT,
  `exp_category` varchar(50) DEFAULT NULL,
  `description` text,
  `is_active` varchar(255) DEFAULT 'yes',
  `is_deleted` varchar(255) DEFAULT 'no',
  `created_at` timestamp NOT NULL DEFAULT CURRENT_TIMESTAMP ON UPDATE CURRENT_TIMESTAMP,
  `updated_at` timestamp NOT NULL DEFAULT '0000-00-00 00:00:00',
  PRIMARY KEY (`id`)
) ENGINE=InnoDB AUTO_INCREMENT=2 DEFAULT CHARSET=utf8;

INSERT INTO `expense_head` (`id`, `exp_category`, `description`, `is_active`, `is_deleted`, `created_at`, `updated_at`) VALUES (1, 'Teacher\'s Salary', 'Per month salary', 'yes', 'no', '2019-04-17 18:14:34', '0000-00-00 00:00:00');


#
# TABLE STRUCTURE FOR: expenses
#

DROP TABLE IF EXISTS `expenses`;

CREATE TABLE `expenses` (
  `id` int(11) NOT NULL AUTO_INCREMENT,
  `exp_head_id` int(11) DEFAULT NULL,
  `name` varchar(50) DEFAULT NULL,
  `invoice_no` varchar(200) NOT NULL,
  `date` date DEFAULT NULL,
  `amount` float(10,2) DEFAULT NULL,
  `documents` varchar(255) DEFAULT NULL,
  `note` text,
  `is_active` varchar(255) DEFAULT 'yes',
  `is_deleted` varchar(255) DEFAULT 'no',
  `created_at` timestamp NOT NULL DEFAULT CURRENT_TIMESTAMP ON UPDATE CURRENT_TIMESTAMP,
  `updated_at` timestamp NOT NULL DEFAULT '0000-00-00 00:00:00',
  PRIMARY KEY (`id`)
) ENGINE=InnoDB AUTO_INCREMENT=2 DEFAULT CHARSET=utf8;

INSERT INTO `expenses` (`id`, `exp_head_id`, `name`, `invoice_no`, `date`, `amount`, `documents`, `note`, `is_active`, `is_deleted`, `created_at`, `updated_at`) VALUES (1, 1, 'Kesar', '123-56-489', '2019-04-17', '40000.00', NULL, 'Amount given to teacher Nivember2018', 'yes', 'no', '2019-04-17 18:15:19', '0000-00-00 00:00:00');


#
# TABLE STRUCTURE FOR: fee_groups
#

DROP TABLE IF EXISTS `fee_groups`;

CREATE TABLE `fee_groups` (
  `id` int(11) NOT NULL AUTO_INCREMENT,
  `name` varchar(200) DEFAULT NULL,
  `is_system` int(1) NOT NULL DEFAULT '0',
  `description` text,
  `is_active` varchar(10) NOT NULL DEFAULT 'no',
  `created_at` timestamp NOT NULL DEFAULT CURRENT_TIMESTAMP ON UPDATE CURRENT_TIMESTAMP,
  PRIMARY KEY (`id`)
) ENGINE=InnoDB AUTO_INCREMENT=4 DEFAULT CHARSET=utf8;

INSERT INTO `fee_groups` (`id`, `name`, `is_system`, `description`, `is_active`, `created_at`) VALUES (1, '10th', 0, '', 'no', '2019-04-17 17:52:41');
INSERT INTO `fee_groups` (`id`, `name`, `is_system`, `description`, `is_active`, `created_at`) VALUES (2, '9th', 0, '', 'no', '2019-04-17 17:52:47');
INSERT INTO `fee_groups` (`id`, `name`, `is_system`, `description`, `is_active`, `created_at`) VALUES (3, 'Balance Master', 1, NULL, 'no', '2019-04-17 17:59:13');


#
# TABLE STRUCTURE FOR: fee_groups_feetype
#

DROP TABLE IF EXISTS `fee_groups_feetype`;

CREATE TABLE `fee_groups_feetype` (
  `id` int(11) NOT NULL AUTO_INCREMENT,
  `fee_session_group_id` int(11) DEFAULT NULL,
  `fee_groups_id` int(11) DEFAULT NULL,
  `feetype_id` int(11) DEFAULT NULL,
  `session_id` int(11) DEFAULT NULL,
  `due_date` date DEFAULT NULL,
  `amount` decimal(10,2) DEFAULT NULL,
  `is_active` varchar(10) NOT NULL DEFAULT 'no',
  `created_at` timestamp NOT NULL DEFAULT CURRENT_TIMESTAMP ON UPDATE CURRENT_TIMESTAMP,
  PRIMARY KEY (`id`),
  KEY `fee_session_group_id` (`fee_session_group_id`),
  KEY `fee_groups_id` (`fee_groups_id`),
  KEY `feetype_id` (`feetype_id`),
  KEY `session_id` (`session_id`),
  CONSTRAINT `fee_groups_feetype_ibfk_1` FOREIGN KEY (`fee_session_group_id`) REFERENCES `fee_session_groups` (`id`) ON DELETE CASCADE,
  CONSTRAINT `fee_groups_feetype_ibfk_2` FOREIGN KEY (`fee_groups_id`) REFERENCES `fee_groups` (`id`) ON DELETE CASCADE,
  CONSTRAINT `fee_groups_feetype_ibfk_3` FOREIGN KEY (`feetype_id`) REFERENCES `feetype` (`id`) ON DELETE CASCADE,
  CONSTRAINT `fee_groups_feetype_ibfk_4` FOREIGN KEY (`session_id`) REFERENCES `sessions` (`id`) ON DELETE CASCADE
) ENGINE=InnoDB AUTO_INCREMENT=6 DEFAULT CHARSET=utf8;

INSERT INTO `fee_groups_feetype` (`id`, `fee_session_group_id`, `fee_groups_id`, `feetype_id`, `session_id`, `due_date`, `amount`, `is_active`, `created_at`) VALUES (1, 1, 1, 1, 13, '2019-04-20', '5000.00', 'no', '2019-04-17 17:56:06');
INSERT INTO `fee_groups_feetype` (`id`, `fee_session_group_id`, `fee_groups_id`, `feetype_id`, `session_id`, `due_date`, `amount`, `is_active`, `created_at`) VALUES (2, 1, 1, 2, 13, '2019-04-20', '10000.00', 'no', '2019-04-17 17:56:34');
INSERT INTO `fee_groups_feetype` (`id`, `fee_session_group_id`, `fee_groups_id`, `feetype_id`, `session_id`, `due_date`, `amount`, `is_active`, `created_at`) VALUES (3, 1, 1, 3, 13, '2019-04-20', '3000.00', 'no', '2019-04-17 17:56:55');
INSERT INTO `fee_groups_feetype` (`id`, `fee_session_group_id`, `fee_groups_id`, `feetype_id`, `session_id`, `due_date`, `amount`, `is_active`, `created_at`) VALUES (4, 1, 1, 4, 13, '2019-04-20', '4000.00', 'no', '2019-04-17 17:57:12');
INSERT INTO `fee_groups_feetype` (`id`, `fee_session_group_id`, `fee_groups_id`, `feetype_id`, `session_id`, `due_date`, `amount`, `is_active`, `created_at`) VALUES (5, 2, 3, 5, 13, '2019-06-16', NULL, 'no', '2019-04-17 17:59:13');


#
# TABLE STRUCTURE FOR: fee_receipt_no
#

DROP TABLE IF EXISTS `fee_receipt_no`;

CREATE TABLE `fee_receipt_no` (
  `id` int(11) NOT NULL AUTO_INCREMENT,
  `payment` int(11) NOT NULL,
  PRIMARY KEY (`id`)
) ENGINE=InnoDB DEFAULT CHARSET=utf8;

#
# TABLE STRUCTURE FOR: fee_session_groups
#

DROP TABLE IF EXISTS `fee_session_groups`;

CREATE TABLE `fee_session_groups` (
  `id` int(11) NOT NULL AUTO_INCREMENT,
  `fee_groups_id` int(11) DEFAULT NULL,
  `session_id` int(11) DEFAULT NULL,
  `is_active` varchar(10) NOT NULL DEFAULT 'no',
  `created_at` timestamp NOT NULL DEFAULT CURRENT_TIMESTAMP ON UPDATE CURRENT_TIMESTAMP,
  PRIMARY KEY (`id`),
  KEY `fee_groups_id` (`fee_groups_id`),
  KEY `session_id` (`session_id`),
  CONSTRAINT `fee_session_groups_ibfk_1` FOREIGN KEY (`fee_groups_id`) REFERENCES `fee_groups` (`id`) ON DELETE CASCADE,
  CONSTRAINT `fee_session_groups_ibfk_2` FOREIGN KEY (`session_id`) REFERENCES `sessions` (`id`) ON DELETE CASCADE
) ENGINE=InnoDB AUTO_INCREMENT=3 DEFAULT CHARSET=utf8;

INSERT INTO `fee_session_groups` (`id`, `fee_groups_id`, `session_id`, `is_active`, `created_at`) VALUES (1, 1, 13, 'no', '2019-04-17 17:56:06');
INSERT INTO `fee_session_groups` (`id`, `fee_groups_id`, `session_id`, `is_active`, `created_at`) VALUES (2, 3, 13, 'no', '2019-04-17 17:59:13');


#
# TABLE STRUCTURE FOR: feecategory
#

DROP TABLE IF EXISTS `feecategory`;

CREATE TABLE `feecategory` (
  `id` int(11) NOT NULL AUTO_INCREMENT,
  `category` varchar(50) DEFAULT NULL,
  `is_active` varchar(255) DEFAULT 'no',
  `created_at` timestamp NOT NULL DEFAULT CURRENT_TIMESTAMP ON UPDATE CURRENT_TIMESTAMP,
  `updated_at` timestamp NOT NULL DEFAULT '0000-00-00 00:00:00',
  PRIMARY KEY (`id`)
) ENGINE=InnoDB DEFAULT CHARSET=utf8;

#
# TABLE STRUCTURE FOR: feemasters
#

DROP TABLE IF EXISTS `feemasters`;

CREATE TABLE `feemasters` (
  `id` int(11) NOT NULL AUTO_INCREMENT,
  `session_id` int(11) DEFAULT NULL,
  `feetype_id` int(11) NOT NULL,
  `class_id` int(11) DEFAULT NULL,
  `amount` float(10,2) DEFAULT NULL,
  `description` text,
  `is_active` varchar(255) DEFAULT 'no',
  `created_at` timestamp NOT NULL DEFAULT CURRENT_TIMESTAMP ON UPDATE CURRENT_TIMESTAMP,
  `updated_at` timestamp NOT NULL DEFAULT '0000-00-00 00:00:00',
  PRIMARY KEY (`id`)
) ENGINE=InnoDB DEFAULT CHARSET=utf8;

#
# TABLE STRUCTURE FOR: fees_discounts
#

DROP TABLE IF EXISTS `fees_discounts`;

CREATE TABLE `fees_discounts` (
  `id` int(11) NOT NULL AUTO_INCREMENT,
  `session_id` int(11) DEFAULT NULL,
  `name` varchar(100) DEFAULT NULL,
  `code` varchar(100) DEFAULT NULL,
  `amount` decimal(10,2) DEFAULT NULL,
  `description` text,
  `is_active` varchar(10) NOT NULL DEFAULT 'no',
  `created_at` timestamp NOT NULL DEFAULT CURRENT_TIMESTAMP ON UPDATE CURRENT_TIMESTAMP,
  PRIMARY KEY (`id`),
  KEY `session_id` (`session_id`),
  CONSTRAINT `fees_discounts_ibfk_1` FOREIGN KEY (`session_id`) REFERENCES `sessions` (`id`) ON DELETE CASCADE
) ENGINE=InnoDB AUTO_INCREMENT=2 DEFAULT CHARSET=utf8;

INSERT INTO `fees_discounts` (`id`, `session_id`, `name`, `code`, `amount`, `description`, `is_active`, `created_at`) VALUES (1, 13, 'CET 90-100', 'CET90', '2000.00', NULL, 'no', '2019-04-17 17:55:27');


#
# TABLE STRUCTURE FOR: feetype
#

DROP TABLE IF EXISTS `feetype`;

CREATE TABLE `feetype` (
  `id` int(11) NOT NULL AUTO_INCREMENT,
  `is_system` int(1) NOT NULL DEFAULT '0',
  `feecategory_id` int(11) DEFAULT NULL,
  `type` varchar(50) DEFAULT NULL,
  `code` varchar(100) NOT NULL,
  `is_active` varchar(255) DEFAULT 'no',
  `created_at` timestamp NOT NULL DEFAULT CURRENT_TIMESTAMP ON UPDATE CURRENT_TIMESTAMP,
  `updated_at` timestamp NOT NULL DEFAULT '0000-00-00 00:00:00',
  `description` text NOT NULL,
  PRIMARY KEY (`id`)
) ENGINE=InnoDB AUTO_INCREMENT=6 DEFAULT CHARSET=utf8;

INSERT INTO `feetype` (`id`, `is_system`, `feecategory_id`, `type`, `code`, `is_active`, `created_at`, `updated_at`, `description`) VALUES (1, 0, NULL, 'caution money', '01', 'no', '2019-04-17 17:53:12', '0000-00-00 00:00:00', '');
INSERT INTO `feetype` (`id`, `is_system`, `feecategory_id`, `type`, `code`, `is_active`, `created_at`, `updated_at`, `description`) VALUES (2, 0, NULL, 'admission fees', '02', 'no', '2019-04-17 17:53:24', '0000-00-00 00:00:00', '');
INSERT INTO `feetype` (`id`, `is_system`, `feecategory_id`, `type`, `code`, `is_active`, `created_at`, `updated_at`, `description`) VALUES (3, 0, NULL, 'library fees', '03', 'no', '2019-04-17 17:53:40', '0000-00-00 00:00:00', '');
INSERT INTO `feetype` (`id`, `is_system`, `feecategory_id`, `type`, `code`, `is_active`, `created_at`, `updated_at`, `description`) VALUES (4, 0, NULL, 'sports fees', '04', 'no', '2019-04-17 17:53:57', '0000-00-00 00:00:00', '');
INSERT INTO `feetype` (`id`, `is_system`, `feecategory_id`, `type`, `code`, `is_active`, `created_at`, `updated_at`, `description`) VALUES (5, 1, NULL, 'Previous Session Balance', 'Previous Session Balance', 'no', '2019-04-17 17:59:13', '0000-00-00 00:00:00', '');


#
# TABLE STRUCTURE FOR: follow_up
#

DROP TABLE IF EXISTS `follow_up`;

CREATE TABLE `follow_up` (
  `id` int(11) NOT NULL AUTO_INCREMENT,
  `enquiry_id` int(11) NOT NULL,
  `date` date NOT NULL,
  `next_date` date NOT NULL,
  `response` text NOT NULL,
  `note` text NOT NULL,
  `followup_by` varchar(200) NOT NULL,
  PRIMARY KEY (`id`)
) ENGINE=InnoDB DEFAULT CHARSET=utf8;

#
# TABLE STRUCTURE FOR: front_cms_media_gallery
#

DROP TABLE IF EXISTS `front_cms_media_gallery`;

CREATE TABLE `front_cms_media_gallery` (
  `id` int(11) NOT NULL AUTO_INCREMENT,
  `image` varchar(300) DEFAULT NULL,
  `thumb_path` varchar(300) DEFAULT NULL,
  `dir_path` varchar(300) DEFAULT NULL,
  `img_name` varchar(300) DEFAULT NULL,
  `thumb_name` varchar(300) DEFAULT NULL,
  `created_at` timestamp NOT NULL DEFAULT CURRENT_TIMESTAMP ON UPDATE CURRENT_TIMESTAMP,
  `file_type` varchar(100) NOT NULL,
  `file_size` varchar(100) NOT NULL,
  `vid_url` mediumtext NOT NULL,
  `vid_title` varchar(250) NOT NULL,
  PRIMARY KEY (`id`)
) ENGINE=InnoDB AUTO_INCREMENT=6 DEFAULT CHARSET=utf8;

INSERT INTO `front_cms_media_gallery` (`id`, `image`, `thumb_path`, `dir_path`, `img_name`, `thumb_name`, `created_at`, `file_type`, `file_size`, `vid_url`, `vid_title`) VALUES (1, NULL, 'uploads/gallery/media/thumb/', 'uploads/gallery/media/', '1.jpg', '1.jpg', '2019-04-18 15:48:06', 'image/jpeg', '18190', '', '');
INSERT INTO `front_cms_media_gallery` (`id`, `image`, `thumb_path`, `dir_path`, `img_name`, `thumb_name`, `created_at`, `file_type`, `file_size`, `vid_url`, `vid_title`) VALUES (2, NULL, 'uploads/gallery/media/thumb/', 'uploads/gallery/media/', '10.jpg', '10.jpg', '2019-04-18 15:48:06', 'image/jpeg', '18111', '', '');
INSERT INTO `front_cms_media_gallery` (`id`, `image`, `thumb_path`, `dir_path`, `img_name`, `thumb_name`, `created_at`, `file_type`, `file_size`, `vid_url`, `vid_title`) VALUES (3, NULL, 'uploads/gallery/media/thumb/', 'uploads/gallery/media/', '18.jpg', '18.jpg', '2019-04-18 15:48:06', 'image/jpeg', '15642', '', '');
INSERT INTO `front_cms_media_gallery` (`id`, `image`, `thumb_path`, `dir_path`, `img_name`, `thumb_name`, `created_at`, `file_type`, `file_size`, `vid_url`, `vid_title`) VALUES (4, NULL, 'uploads/gallery/media/thumb/', 'uploads/gallery/media/', '19.jpg', '19.jpg', '2019-04-18 15:48:06', 'image/jpeg', '17087', '', '');
INSERT INTO `front_cms_media_gallery` (`id`, `image`, `thumb_path`, `dir_path`, `img_name`, `thumb_name`, `created_at`, `file_type`, `file_size`, `vid_url`, `vid_title`) VALUES (5, NULL, 'uploads/gallery/youtube_video/thumb/', 'uploads/gallery/youtube_video/', '5cb84f37d6be0.jpg', '5cb84f37d6be0.jpg', '2019-04-18 15:49:39', 'video', '0', 'https://youtu.be/PA3RBdjDqSY', 'Delhi Public School Fulbari Walkthrough');


#
# TABLE STRUCTURE FOR: front_cms_menu_items
#

DROP TABLE IF EXISTS `front_cms_menu_items`;

CREATE TABLE `front_cms_menu_items` (
  `id` int(11) NOT NULL AUTO_INCREMENT,
  `menu_id` int(11) NOT NULL,
  `menu` varchar(100) DEFAULT NULL,
  `page_id` int(11) NOT NULL,
  `parent_id` int(11) NOT NULL,
  `ext_url` mediumtext,
  `open_new_tab` int(11) DEFAULT '0',
  `ext_url_link` mediumtext,
  `slug` varchar(200) DEFAULT NULL,
  `weight` int(11) DEFAULT NULL,
  `publish` int(11) NOT NULL DEFAULT '0',
  `description` mediumtext,
  `is_active` varchar(10) DEFAULT 'no',
  `created_at` timestamp NOT NULL DEFAULT CURRENT_TIMESTAMP ON UPDATE CURRENT_TIMESTAMP,
  PRIMARY KEY (`id`)
) ENGINE=InnoDB AUTO_INCREMENT=7 DEFAULT CHARSET=utf8;

INSERT INTO `front_cms_menu_items` (`id`, `menu_id`, `menu`, `page_id`, `parent_id`, `ext_url`, `open_new_tab`, `ext_url_link`, `slug`, `weight`, `publish`, `description`, `is_active`, `created_at`) VALUES (1, 1, 'About', 1, 0, NULL, NULL, NULL, 'about', 3, 0, NULL, 'no', '2019-04-18 15:45:57');
INSERT INTO `front_cms_menu_items` (`id`, `menu_id`, `menu`, `page_id`, `parent_id`, `ext_url`, `open_new_tab`, `ext_url_link`, `slug`, `weight`, `publish`, `description`, `is_active`, `created_at`) VALUES (2, 1, 'Careers', 1, 0, NULL, NULL, NULL, 'careers', 2, 0, NULL, 'no', '2019-04-18 15:45:57');
INSERT INTO `front_cms_menu_items` (`id`, `menu_id`, `menu`, `page_id`, `parent_id`, `ext_url`, `open_new_tab`, `ext_url_link`, `slug`, `weight`, `publish`, `description`, `is_active`, `created_at`) VALUES (4, 1, 'Gallery', 1, 0, NULL, NULL, NULL, 'gallery', 1, 0, NULL, 'no', '2019-04-18 15:45:49');
INSERT INTO `front_cms_menu_items` (`id`, `menu_id`, `menu`, `page_id`, `parent_id`, `ext_url`, `open_new_tab`, `ext_url_link`, `slug`, `weight`, `publish`, `description`, `is_active`, `created_at`) VALUES (6, 1, 'Contact Us', 76, 0, NULL, NULL, NULL, 'contact-us-1', 4, 0, NULL, 'no', '2019-04-18 15:45:57');


#
# TABLE STRUCTURE FOR: front_cms_menus
#

DROP TABLE IF EXISTS `front_cms_menus`;

CREATE TABLE `front_cms_menus` (
  `id` int(11) NOT NULL AUTO_INCREMENT,
  `menu` varchar(100) DEFAULT NULL,
  `slug` varchar(200) DEFAULT NULL,
  `description` mediumtext,
  `open_new_tab` int(10) NOT NULL DEFAULT '0',
  `ext_url` mediumtext NOT NULL,
  `ext_url_link` mediumtext NOT NULL,
  `publish` int(11) NOT NULL DEFAULT '0',
  `content_type` varchar(10) NOT NULL DEFAULT 'manual',
  `is_active` varchar(10) DEFAULT 'no',
  `created_at` timestamp NOT NULL DEFAULT CURRENT_TIMESTAMP ON UPDATE CURRENT_TIMESTAMP,
  PRIMARY KEY (`id`)
) ENGINE=InnoDB AUTO_INCREMENT=3 DEFAULT CHARSET=utf8;

INSERT INTO `front_cms_menus` (`id`, `menu`, `slug`, `description`, `open_new_tab`, `ext_url`, `ext_url_link`, `publish`, `content_type`, `is_active`, `created_at`) VALUES (1, 'Main Menu', 'main-menu', 'Main menu', 0, '', '', 0, 'default', 'no', '2018-04-20 20:24:49');
INSERT INTO `front_cms_menus` (`id`, `menu`, `slug`, `description`, `open_new_tab`, `ext_url`, `ext_url_link`, `publish`, `content_type`, `is_active`, `created_at`) VALUES (2, 'Bottom Menu', 'bottom-menu', 'Bottom Menu', 0, '', '', 0, 'default', 'no', '2018-04-20 20:24:55');


#
# TABLE STRUCTURE FOR: front_cms_page_contents
#

DROP TABLE IF EXISTS `front_cms_page_contents`;

CREATE TABLE `front_cms_page_contents` (
  `id` int(11) NOT NULL AUTO_INCREMENT,
  `page_id` int(11) DEFAULT NULL,
  `content_type` varchar(50) DEFAULT NULL,
  `created_at` timestamp NOT NULL DEFAULT CURRENT_TIMESTAMP ON UPDATE CURRENT_TIMESTAMP,
  PRIMARY KEY (`id`),
  KEY `page_id` (`page_id`),
  CONSTRAINT `front_cms_page_contents_ibfk_1` FOREIGN KEY (`page_id`) REFERENCES `front_cms_pages` (`id`) ON DELETE CASCADE
) ENGINE=InnoDB DEFAULT CHARSET=utf8;

#
# TABLE STRUCTURE FOR: front_cms_pages
#

DROP TABLE IF EXISTS `front_cms_pages`;

CREATE TABLE `front_cms_pages` (
  `id` int(11) NOT NULL AUTO_INCREMENT,
  `page_type` varchar(10) NOT NULL DEFAULT 'manual',
  `is_homepage` int(1) DEFAULT '0',
  `title` varchar(250) DEFAULT NULL,
  `url` varchar(250) DEFAULT NULL,
  `type` varchar(50) DEFAULT NULL,
  `slug` varchar(200) DEFAULT NULL,
  `meta_title` mediumtext,
  `meta_description` mediumtext,
  `meta_keyword` mediumtext,
  `feature_image` varchar(200) NOT NULL,
  `description` longtext,
  `publish_date` date NOT NULL,
  `publish` int(10) DEFAULT '0',
  `sidebar` int(10) DEFAULT '0',
  `is_active` varchar(10) DEFAULT 'no',
  `created_at` timestamp NOT NULL DEFAULT CURRENT_TIMESTAMP ON UPDATE CURRENT_TIMESTAMP,
  PRIMARY KEY (`id`)
) ENGINE=InnoDB AUTO_INCREMENT=77 DEFAULT CHARSET=utf8;

INSERT INTO `front_cms_pages` (`id`, `page_type`, `is_homepage`, `title`, `url`, `type`, `slug`, `meta_title`, `meta_description`, `meta_keyword`, `feature_image`, `description`, `publish_date`, `publish`, `sidebar`, `is_active`, `created_at`) VALUES (1, 'default', 1, 'Home', 'page/home', 'page', 'home', '', '', '', '', '<p>home page</p>', '0000-00-00', 1, NULL, 'no', '2018-07-11 23:34:33');
INSERT INTO `front_cms_pages` (`id`, `page_type`, `is_homepage`, `title`, `url`, `type`, `slug`, `meta_title`, `meta_description`, `meta_keyword`, `feature_image`, `description`, `publish_date`, `publish`, `sidebar`, `is_active`, `created_at`) VALUES (2, 'default', 0, 'Complain', 'page/complain', 'page', 'complain', 'Complain form', '                                                                                                                                                                                    complain form                                                                                                                                                                                                                                ', 'complain form', '', '<p>\r\n[form-builder:complain]</p>', '0000-00-00', 1, 1, 'no', '2018-05-09 20:44:34');
INSERT INTO `front_cms_pages` (`id`, `page_type`, `is_homepage`, `title`, `url`, `type`, `slug`, `meta_title`, `meta_description`, `meta_keyword`, `feature_image`, `description`, `publish_date`, `publish`, `sidebar`, `is_active`, `created_at`) VALUES (54, 'default', 0, '404 page', 'page/404-page', 'page', '404-page', '', '                                ', '', '', '<html>\r\n<head>\r\n <title></title>\r\n</head>\r\n<body>\r\n<p>404 page found</p>\r\n</body>\r\n</html>', '0000-00-00', 0, NULL, 'no', '2018-05-18 20:16:04');
INSERT INTO `front_cms_pages` (`id`, `page_type`, `is_homepage`, `title`, `url`, `type`, `slug`, `meta_title`, `meta_description`, `meta_keyword`, `feature_image`, `description`, `publish_date`, `publish`, `sidebar`, `is_active`, `created_at`) VALUES (76, 'default', 0, 'Contact us', 'page/contact-us', 'page', 'contact-us', '', '', '', '', '<title></title>\r\n<section class=\"contact\">\r\n<div class=\"container spacet50 spaceb50\">\r\n<div class=\"row\">\r\n<div class=\"col-md-12 col-sm-12\">[form-builder:contact_us]<!--./row--></div>\r\n<!--./col-md-12--></div>\r\n<!--./row--></div>\r\n<!--./container--></section>', '0000-00-00', 0, NULL, 'no', '2018-07-11 23:33:41');


#
# TABLE STRUCTURE FOR: front_cms_program_photos
#

DROP TABLE IF EXISTS `front_cms_program_photos`;

CREATE TABLE `front_cms_program_photos` (
  `id` int(11) NOT NULL AUTO_INCREMENT,
  `program_id` int(11) DEFAULT NULL,
  `media_gallery_id` int(11) NOT NULL,
  `created_at` timestamp NOT NULL DEFAULT CURRENT_TIMESTAMP ON UPDATE CURRENT_TIMESTAMP,
  PRIMARY KEY (`id`),
  KEY `program_id` (`program_id`),
  CONSTRAINT `front_cms_program_photos_ibfk_1` FOREIGN KEY (`program_id`) REFERENCES `front_cms_programs` (`id`) ON DELETE CASCADE
) ENGINE=InnoDB AUTO_INCREMENT=5 DEFAULT CHARSET=utf8;

INSERT INTO `front_cms_program_photos` (`id`, `program_id`, `media_gallery_id`, `created_at`) VALUES (1, 3, 2, '2019-04-18 15:52:30');
INSERT INTO `front_cms_program_photos` (`id`, `program_id`, `media_gallery_id`, `created_at`) VALUES (2, 4, 2, '2019-04-18 15:53:16');
INSERT INTO `front_cms_program_photos` (`id`, `program_id`, `media_gallery_id`, `created_at`) VALUES (3, 4, 4, '2019-04-18 15:53:21');
INSERT INTO `front_cms_program_photos` (`id`, `program_id`, `media_gallery_id`, `created_at`) VALUES (4, 4, 1, '2019-04-18 15:53:26');


#
# TABLE STRUCTURE FOR: front_cms_programs
#

DROP TABLE IF EXISTS `front_cms_programs`;

CREATE TABLE `front_cms_programs` (
  `id` int(11) NOT NULL AUTO_INCREMENT,
  `type` varchar(50) DEFAULT NULL,
  `slug` varchar(255) DEFAULT NULL,
  `url` mediumtext,
  `title` varchar(200) DEFAULT NULL,
  `date` date DEFAULT NULL,
  `event_start` date DEFAULT NULL,
  `event_end` date DEFAULT NULL,
  `event_venue` mediumtext,
  `description` mediumtext,
  `is_active` varchar(10) DEFAULT 'no',
  `created_at` timestamp NOT NULL DEFAULT CURRENT_TIMESTAMP ON UPDATE CURRENT_TIMESTAMP,
  `meta_title` mediumtext NOT NULL,
  `meta_description` mediumtext NOT NULL,
  `meta_keyword` mediumtext NOT NULL,
  `feature_image` mediumtext NOT NULL,
  `publish_date` date NOT NULL,
  `publish` varchar(10) DEFAULT '0',
  `sidebar` int(10) DEFAULT '0',
  PRIMARY KEY (`id`)
) ENGINE=InnoDB AUTO_INCREMENT=5 DEFAULT CHARSET=utf8;

INSERT INTO `front_cms_programs` (`id`, `type`, `slug`, `url`, `title`, `date`, `event_start`, `event_end`, `event_venue`, `description`, `is_active`, `created_at`, `meta_title`, `meta_description`, `meta_keyword`, `feature_image`, `publish_date`, `publish`, `sidebar`) VALUES (2, 'events', 'school-event-funny', 'read/school-event-funny', 'School Event Funny', NULL, '2019-04-18', '2019-04-18', 'School Campus Indore', '<p><iframe allowfullscreen=\"\" frameborder=\"0\" height=\"315\" id=\"video\" src=\"//www.youtube.com/embed/PA3RBdjDqSY?rel=0\" width=\"420\"></iframe></p>', 'no', '2019-04-18 15:51:01', '', '', '', 'http://localhost/Ischool/uploads/gallery/media/18.jpg', '0000-00-00', '0', NULL);
INSERT INTO `front_cms_programs` (`id`, `type`, `slug`, `url`, `title`, `date`, `event_start`, `event_end`, `event_venue`, `description`, `is_active`, `created_at`, `meta_title`, `meta_description`, `meta_keyword`, `feature_image`, `publish_date`, `publish`, `sidebar`) VALUES (3, 'gallery', 'sports-day', 'read/sports-day', 'Sports Day', NULL, NULL, NULL, NULL, '<p><img src=\"http://localhost/Ischool/uploads/gallery/media/18.jpg\"></p>', 'no', '2019-04-18 15:52:30', '', '', '', 'http://localhost/Ischool/uploads/gallery/media/10.jpg', '0000-00-00', '0', NULL);
INSERT INTO `front_cms_programs` (`id`, `type`, `slug`, `url`, `title`, `date`, `event_start`, `event_end`, `event_venue`, `description`, `is_active`, `created_at`, `meta_title`, `meta_description`, `meta_keyword`, `feature_image`, `publish_date`, `publish`, `sidebar`) VALUES (4, 'banner', NULL, NULL, 'Banner Images', NULL, NULL, NULL, NULL, NULL, 'no', '2019-04-18 15:53:16', '', '', '', '', '0000-00-00', '0', 0);


#
# TABLE STRUCTURE FOR: front_cms_settings
#

DROP TABLE IF EXISTS `front_cms_settings`;

CREATE TABLE `front_cms_settings` (
  `id` int(11) NOT NULL AUTO_INCREMENT,
  `theme` varchar(50) DEFAULT NULL,
  `is_active_rtl` int(10) DEFAULT '0',
  `is_active_front_cms` int(11) DEFAULT '0',
  `is_active_sidebar` int(1) DEFAULT '0',
  `logo` varchar(200) DEFAULT NULL,
  `contact_us_email` varchar(100) DEFAULT NULL,
  `complain_form_email` varchar(100) DEFAULT NULL,
  `sidebar_options` mediumtext NOT NULL,
  `fb_url` varchar(200) NOT NULL,
  `twitter_url` varchar(200) NOT NULL,
  `youtube_url` varchar(200) NOT NULL,
  `google_plus` varchar(200) NOT NULL,
  `instagram_url` varchar(200) NOT NULL,
  `pinterest_url` varchar(200) NOT NULL,
  `linkedin_url` varchar(200) NOT NULL,
  `google_analytics` mediumtext,
  `footer_text` varchar(500) DEFAULT NULL,
  `fav_icon` varchar(250) DEFAULT NULL,
  `created_at` timestamp NOT NULL DEFAULT CURRENT_TIMESTAMP ON UPDATE CURRENT_TIMESTAMP,
  PRIMARY KEY (`id`)
) ENGINE=InnoDB AUTO_INCREMENT=2 DEFAULT CHARSET=utf8;

INSERT INTO `front_cms_settings` (`id`, `theme`, `is_active_rtl`, `is_active_front_cms`, `is_active_sidebar`, `logo`, `contact_us_email`, `complain_form_email`, `sidebar_options`, `fb_url`, `twitter_url`, `youtube_url`, `google_plus`, `instagram_url`, `pinterest_url`, `linkedin_url`, `google_analytics`, `footer_text`, `fav_icon`, `created_at`) VALUES (1, 'default', NULL, 1, 1, './uploads/school_content/logo/front_logo-5cb850d4214868.14462589.jpg', '', '', '[\"news\"]', 'https://www.facebook.com/isys.tf.9?ref=bookmarks', '', 'https://www.youtube.com/channel/UCDHGYJN6jm99HS-UDnNk18Q', 'http://isysnexttechnofuture.com/', '', '', 'https://www.linkedin.com/in/hr-isys-5ab436182/', '', '', NULL, '2019-04-18 16:01:56');


#
# TABLE STRUCTURE FOR: general_calls
#

DROP TABLE IF EXISTS `general_calls`;

CREATE TABLE `general_calls` (
  `id` int(11) NOT NULL AUTO_INCREMENT,
  `name` varchar(100) NOT NULL,
  `contact` varchar(12) NOT NULL,
  `date` date NOT NULL,
  `description` varchar(500) NOT NULL,
  `follow_up_date` date NOT NULL,
  `call_dureation` varchar(50) NOT NULL,
  `note` mediumtext NOT NULL,
  `call_type` varchar(20) NOT NULL,
  PRIMARY KEY (`id`)
) ENGINE=InnoDB DEFAULT CHARSET=utf8;

#
# TABLE STRUCTURE FOR: grades
#

DROP TABLE IF EXISTS `grades`;

CREATE TABLE `grades` (
  `id` int(11) NOT NULL AUTO_INCREMENT,
  `name` varchar(100) DEFAULT NULL,
  `point` float(10,1) DEFAULT NULL,
  `mark_from` float(10,2) DEFAULT NULL,
  `mark_upto` float(10,2) DEFAULT NULL,
  `description` text,
  `is_active` varchar(255) DEFAULT 'no',
  `created_at` timestamp NOT NULL DEFAULT CURRENT_TIMESTAMP ON UPDATE CURRENT_TIMESTAMP,
  `updated_at` timestamp NOT NULL DEFAULT '0000-00-00 00:00:00',
  PRIMARY KEY (`id`)
) ENGINE=InnoDB AUTO_INCREMENT=4 DEFAULT CHARSET=utf8;

INSERT INTO `grades` (`id`, `name`, `point`, `mark_from`, `mark_upto`, `description`, `is_active`, `created_at`, `updated_at`) VALUES (1, 'A+', NULL, '80.00', '100.00', '', 'no', '2019-04-17 18:27:01', '0000-00-00 00:00:00');
INSERT INTO `grades` (`id`, `name`, `point`, `mark_from`, `mark_upto`, `description`, `is_active`, `created_at`, `updated_at`) VALUES (2, 'A', NULL, '60.00', '79.00', '', 'no', '2019-04-17 18:27:20', '0000-00-00 00:00:00');
INSERT INTO `grades` (`id`, `name`, `point`, `mark_from`, `mark_upto`, `description`, `is_active`, `created_at`, `updated_at`) VALUES (3, 'F', NULL, '0.00', '33.00', '', 'no', '2019-04-17 18:28:13', '0000-00-00 00:00:00');


#
# TABLE STRUCTURE FOR: homework
#

DROP TABLE IF EXISTS `homework`;

CREATE TABLE `homework` (
  `id` int(11) NOT NULL AUTO_INCREMENT,
  `class_id` int(11) NOT NULL,
  `section_id` int(11) NOT NULL,
  `homework_date` date NOT NULL,
  `submit_date` date NOT NULL,
  `staff_id` int(11) NOT NULL,
  `subject_id` int(11) NOT NULL,
  `description` varchar(500) NOT NULL,
  `create_date` date NOT NULL,
  `document` varchar(200) NOT NULL,
  `created_by` int(11) NOT NULL,
  `evaluated_by` int(11) NOT NULL,
  PRIMARY KEY (`id`)
) ENGINE=InnoDB AUTO_INCREMENT=3 DEFAULT CHARSET=utf8;

INSERT INTO `homework` (`id`, `class_id`, `section_id`, `homework_date`, `submit_date`, `staff_id`, `subject_id`, `description`, `create_date`, `document`, `created_by`, `evaluated_by`) VALUES (1, 2, 1, '2019-04-17', '2019-04-17', 1, 1, '<h1>Unit -1</h1>', '2019-04-17', '', 1, 1);
INSERT INTO `homework` (`id`, `class_id`, `section_id`, `homework_date`, `submit_date`, `staff_id`, `subject_id`, `description`, `create_date`, `document`, `created_by`, `evaluated_by`) VALUES (2, 2, 1, '2019-04-18', '2019-04-25', 1, 2, '<p><b></b><b>Grammar</b><b></b></p><p>Need to do page of Adverbs, Prepositions.</p>', '2019-04-18', '', 1, 1);


#
# TABLE STRUCTURE FOR: homework_evaluation
#

DROP TABLE IF EXISTS `homework_evaluation`;

CREATE TABLE `homework_evaluation` (
  `id` int(11) NOT NULL AUTO_INCREMENT,
  `homework_id` int(11) NOT NULL,
  `student_id` int(11) NOT NULL,
  `date` date NOT NULL,
  `status` varchar(100) NOT NULL,
  PRIMARY KEY (`id`)
) ENGINE=InnoDB AUTO_INCREMENT=4 DEFAULT CHARSET=utf8;

INSERT INTO `homework_evaluation` (`id`, `homework_id`, `student_id`, `date`, `status`) VALUES (1, 2, 1, '2019-04-18', 'Complete');
INSERT INTO `homework_evaluation` (`id`, `homework_id`, `student_id`, `date`, `status`) VALUES (2, 1, 1, '2019-04-18', 'Complete');
INSERT INTO `homework_evaluation` (`id`, `homework_id`, `student_id`, `date`, `status`) VALUES (3, 1, 1, '2019-04-18', 'Complete');


#
# TABLE STRUCTURE FOR: hostel
#

DROP TABLE IF EXISTS `hostel`;

CREATE TABLE `hostel` (
  `id` int(11) NOT NULL AUTO_INCREMENT,
  `hostel_name` varchar(100) DEFAULT NULL,
  `type` varchar(50) DEFAULT NULL,
  `address` text,
  `intake` int(11) DEFAULT NULL,
  `description` text,
  `is_active` varchar(255) DEFAULT 'no',
  `created_at` timestamp NOT NULL DEFAULT CURRENT_TIMESTAMP ON UPDATE CURRENT_TIMESTAMP,
  `updated_at` timestamp NOT NULL DEFAULT '0000-00-00 00:00:00',
  PRIMARY KEY (`id`)
) ENGINE=InnoDB AUTO_INCREMENT=2 DEFAULT CHARSET=utf8;

INSERT INTO `hostel` (`id`, `hostel_name`, `type`, `address`, `intake`, `description`, `is_active`, `created_at`, `updated_at`) VALUES (1, 'test', 'Boys', 'navlakha', 0, '', 'no', '2019-03-06 23:04:42', '0000-00-00 00:00:00');


#
# TABLE STRUCTURE FOR: hostel_rooms
#

DROP TABLE IF EXISTS `hostel_rooms`;

CREATE TABLE `hostel_rooms` (
  `id` int(11) NOT NULL AUTO_INCREMENT,
  `hostel_id` int(11) DEFAULT NULL,
  `room_type_id` int(11) DEFAULT NULL,
  `room_no` varchar(200) DEFAULT NULL,
  `no_of_bed` int(11) DEFAULT NULL,
  `cost_per_bed` float(10,2) DEFAULT '0.00',
  `title` varchar(200) DEFAULT NULL,
  `description` text,
  `created_at` timestamp NOT NULL DEFAULT CURRENT_TIMESTAMP ON UPDATE CURRENT_TIMESTAMP,
  `updated_at` timestamp NOT NULL DEFAULT '0000-00-00 00:00:00',
  PRIMARY KEY (`id`)
) ENGINE=InnoDB AUTO_INCREMENT=2 DEFAULT CHARSET=utf8;

INSERT INTO `hostel_rooms` (`id`, `hostel_id`, `room_type_id`, `room_no`, `no_of_bed`, `cost_per_bed`, `title`, `description`, `created_at`, `updated_at`) VALUES (1, 1, 1, '1001', 5, '3000.00', NULL, '', '2019-04-17 21:56:34', '0000-00-00 00:00:00');


#
# TABLE STRUCTURE FOR: id_card
#

DROP TABLE IF EXISTS `id_card`;

CREATE TABLE `id_card` (
  `id` int(11) NOT NULL AUTO_INCREMENT,
  `title` varchar(100) NOT NULL,
  `school_name` varchar(100) NOT NULL,
  `school_address` varchar(500) NOT NULL,
  `background` varchar(100) NOT NULL,
  `logo` varchar(100) NOT NULL,
  `sign_image` varchar(100) NOT NULL,
  `header_color` varchar(100) NOT NULL,
  `enable_admission_no` tinyint(1) NOT NULL COMMENT '0=disable,1=enable',
  `enable_student_name` tinyint(1) NOT NULL COMMENT '0=disable,1=enable',
  `enable_class` tinyint(1) NOT NULL COMMENT '0=disable,1=enable',
  `enable_fathers_name` tinyint(1) NOT NULL COMMENT '0=disable,1=enable',
  `enable_mothers_name` tinyint(1) NOT NULL COMMENT '0=disable,1=enable',
  `enable_address` tinyint(1) NOT NULL COMMENT '0=disable,1=enable',
  `enable_phone` tinyint(1) NOT NULL COMMENT '0=disable,1=enable',
  `enable_dob` tinyint(1) NOT NULL COMMENT '0=disable,1=enable',
  `enable_blood_group` tinyint(1) NOT NULL COMMENT '0=disable,1=enable',
  `status` tinyint(1) NOT NULL COMMENT '0=disable,1=enable',
  PRIMARY KEY (`id`)
) ENGINE=InnoDB AUTO_INCREMENT=2 DEFAULT CHARSET=utf8;

INSERT INTO `id_card` (`id`, `title`, `school_name`, `school_address`, `background`, `logo`, `sign_image`, `header_color`, `enable_admission_no`, `enable_student_name`, `enable_class`, `enable_fathers_name`, `enable_mothers_name`, `enable_address`, `enable_phone`, `enable_dob`, `enable_blood_group`, `status`) VALUES (1, 'AD', 'DPS', 'Indore', 'background1.jpg', 'logo1.png', 'sign1.jpg', '#ea5252', 1, 1, 1, 1, 1, 1, 1, 1, 1, 1);


#
# TABLE STRUCTURE FOR: income
#

DROP TABLE IF EXISTS `income`;

CREATE TABLE `income` (
  `id` int(11) NOT NULL AUTO_INCREMENT,
  `inc_head_id` varchar(11) DEFAULT NULL,
  `name` varchar(50) DEFAULT NULL,
  `invoice_no` varchar(200) NOT NULL,
  `date` date DEFAULT NULL,
  `amount` float DEFAULT NULL,
  `note` text,
  `is_active` varchar(255) DEFAULT 'yes',
  `is_deleted` varchar(255) DEFAULT 'no',
  `created_at` timestamp NOT NULL DEFAULT CURRENT_TIMESTAMP ON UPDATE CURRENT_TIMESTAMP,
  `updated_at` timestamp NOT NULL DEFAULT '0000-00-00 00:00:00',
  `documents` varchar(255) DEFAULT NULL,
  PRIMARY KEY (`id`)
) ENGINE=InnoDB AUTO_INCREMENT=2 DEFAULT CHARSET=utf8;

INSERT INTO `income` (`id`, `inc_head_id`, `name`, `invoice_no`, `date`, `amount`, `note`, `is_active`, `is_deleted`, `created_at`, `updated_at`, `documents`) VALUES (1, '1', 'Arti Soni', '2019-002-197', '2019-04-17', '31000', 'My Income ', 'yes', 'no', '2019-04-17 18:13:14', '0000-00-00 00:00:00', NULL);


#
# TABLE STRUCTURE FOR: income_head
#

DROP TABLE IF EXISTS `income_head`;

CREATE TABLE `income_head` (
  `id` int(255) NOT NULL AUTO_INCREMENT,
  `income_category` varchar(255) DEFAULT NULL,
  `description` varchar(255) DEFAULT NULL,
  `is_active` varchar(255) NOT NULL DEFAULT 'yes',
  `is_deleted` varchar(255) NOT NULL DEFAULT 'no',
  `created_at` timestamp NOT NULL DEFAULT CURRENT_TIMESTAMP ON UPDATE CURRENT_TIMESTAMP,
  `updated_at` timestamp NOT NULL DEFAULT '0000-00-00 00:00:00',
  PRIMARY KEY (`id`)
) ENGINE=InnoDB AUTO_INCREMENT=3 DEFAULT CHARSET=utf8;

INSERT INTO `income_head` (`id`, `income_category`, `description`, `is_active`, `is_deleted`, `created_at`, `updated_at`) VALUES (1, 'Fees', 'Student Fees', 'yes', 'no', '2019-04-17 18:10:50', '0000-00-00 00:00:00');
INSERT INTO `income_head` (`id`, `income_category`, `description`, `is_active`, `is_deleted`, `created_at`, `updated_at`) VALUES (2, 'Exam Fees', 'collect exam fees ', 'yes', 'no', '2019-04-17 18:11:42', '0000-00-00 00:00:00');


#
# TABLE STRUCTURE FOR: item
#

DROP TABLE IF EXISTS `item`;

CREATE TABLE `item` (
  `id` int(11) NOT NULL AUTO_INCREMENT,
  `item_category_id` int(11) DEFAULT NULL,
  `name` varchar(255) NOT NULL,
  `item_photo` varchar(225) DEFAULT NULL,
  `description` text NOT NULL,
  `created_at` timestamp NOT NULL DEFAULT CURRENT_TIMESTAMP ON UPDATE CURRENT_TIMESTAMP,
  `updated_at` timestamp NOT NULL DEFAULT '0000-00-00 00:00:00',
  `item_store_id` int(11) DEFAULT NULL,
  `item_supplier_id` int(11) DEFAULT NULL,
  `quantity` int(100) NOT NULL,
  `date` date NOT NULL,
  PRIMARY KEY (`id`)
) ENGINE=InnoDB AUTO_INCREMENT=2 DEFAULT CHARSET=utf8;

INSERT INTO `item` (`id`, `item_category_id`, `name`, `item_photo`, `description`, `created_at`, `updated_at`, `item_store_id`, `item_supplier_id`, `quantity`, `date`) VALUES (1, 1, 'Black Board', NULL, 'Need ASAP', '2019-04-18 15:03:14', '0000-00-00 00:00:00', NULL, NULL, 0, '0000-00-00');


#
# TABLE STRUCTURE FOR: item_category
#

DROP TABLE IF EXISTS `item_category`;

CREATE TABLE `item_category` (
  `id` int(255) NOT NULL AUTO_INCREMENT,
  `item_category` varchar(255) NOT NULL,
  `is_active` varchar(255) NOT NULL DEFAULT 'yes',
  `description` varchar(255) NOT NULL,
  `created_at` timestamp NOT NULL DEFAULT CURRENT_TIMESTAMP ON UPDATE CURRENT_TIMESTAMP,
  `updated_at` timestamp NOT NULL DEFAULT '0000-00-00 00:00:00',
  PRIMARY KEY (`id`)
) ENGINE=InnoDB AUTO_INCREMENT=4 DEFAULT CHARSET=utf8;

INSERT INTO `item_category` (`id`, `item_category`, `is_active`, `description`, `created_at`, `updated_at`) VALUES (1, 'Board', 'yes', '', '2019-04-18 15:02:04', '0000-00-00 00:00:00');
INSERT INTO `item_category` (`id`, `item_category`, `is_active`, `description`, `created_at`, `updated_at`) VALUES (3, 'Laptops', 'yes', '', '2019-04-18 15:02:26', '0000-00-00 00:00:00');


#
# TABLE STRUCTURE FOR: item_issue
#

DROP TABLE IF EXISTS `item_issue`;

CREATE TABLE `item_issue` (
  `id` int(11) NOT NULL AUTO_INCREMENT,
  `issue_type` varchar(15) DEFAULT NULL,
  `issue_to` varchar(100) DEFAULT NULL,
  `issue_by` varchar(100) DEFAULT NULL,
  `issue_date` date DEFAULT NULL,
  `return_date` date DEFAULT NULL,
  `item_category_id` int(11) DEFAULT NULL,
  `item_id` int(11) DEFAULT NULL,
  `quantity` int(10) NOT NULL,
  `note` text NOT NULL,
  `is_returned` int(2) NOT NULL DEFAULT '1',
  `created_at` timestamp NOT NULL DEFAULT CURRENT_TIMESTAMP ON UPDATE CURRENT_TIMESTAMP,
  `is_active` varchar(10) DEFAULT 'no',
  PRIMARY KEY (`id`),
  KEY `item_id` (`item_id`),
  KEY `item_category_id` (`item_category_id`),
  CONSTRAINT `item_issue_ibfk_1` FOREIGN KEY (`item_id`) REFERENCES `item` (`id`) ON DELETE CASCADE,
  CONSTRAINT `item_issue_ibfk_2` FOREIGN KEY (`item_category_id`) REFERENCES `item_category` (`id`) ON DELETE CASCADE
) ENGINE=InnoDB AUTO_INCREMENT=3 DEFAULT CHARSET=utf8;

INSERT INTO `item_issue` (`id`, `issue_type`, `issue_to`, `issue_by`, `issue_date`, `return_date`, `item_category_id`, `item_id`, `quantity`, `note`, `is_returned`, `created_at`, `is_active`) VALUES (1, '2', '2', 'Arti', '2019-04-01', '2020-04-03', 1, 1, 300, '', 1, '2019-04-18 15:04:59', 'no');
INSERT INTO `item_issue` (`id`, `issue_type`, `issue_to`, `issue_by`, `issue_date`, `return_date`, `item_category_id`, `item_id`, `quantity`, `note`, `is_returned`, `created_at`, `is_active`) VALUES (2, '2', '3', 'Krishna', '2019-04-01', '2020-04-04', 1, 1, 400, '', 1, '2019-04-18 15:06:16', 'no');


#
# TABLE STRUCTURE FOR: item_stock
#

DROP TABLE IF EXISTS `item_stock`;

CREATE TABLE `item_stock` (
  `id` int(11) NOT NULL AUTO_INCREMENT,
  `item_id` int(11) DEFAULT NULL,
  `supplier_id` int(11) DEFAULT NULL,
  `symbol` varchar(10) NOT NULL DEFAULT '+',
  `store_id` int(11) DEFAULT NULL,
  `quantity` int(11) DEFAULT NULL,
  `date` date NOT NULL,
  `attachment` varchar(250) DEFAULT NULL,
  `description` text NOT NULL,
  `is_active` varchar(10) DEFAULT 'yes',
  `created_at` timestamp NOT NULL DEFAULT CURRENT_TIMESTAMP ON UPDATE CURRENT_TIMESTAMP,
  PRIMARY KEY (`id`),
  KEY `item_id` (`item_id`),
  KEY `supplier_id` (`supplier_id`),
  KEY `store_id` (`store_id`),
  CONSTRAINT `item_stock_ibfk_1` FOREIGN KEY (`item_id`) REFERENCES `item` (`id`) ON DELETE CASCADE,
  CONSTRAINT `item_stock_ibfk_2` FOREIGN KEY (`supplier_id`) REFERENCES `item_supplier` (`id`) ON DELETE CASCADE,
  CONSTRAINT `item_stock_ibfk_3` FOREIGN KEY (`store_id`) REFERENCES `item_store` (`id`) ON DELETE CASCADE
) ENGINE=InnoDB AUTO_INCREMENT=3 DEFAULT CHARSET=utf8;

INSERT INTO `item_stock` (`id`, `item_id`, `supplier_id`, `symbol`, `store_id`, `quantity`, `date`, `attachment`, `description`, `is_active`, `created_at`) VALUES (1, 1, 1, '+', 1, 500, '2019-04-18', NULL, '', 'yes', '2019-04-18 15:03:53');
INSERT INTO `item_stock` (`id`, `item_id`, `supplier_id`, `symbol`, `store_id`, `quantity`, `date`, `attachment`, `description`, `is_active`, `created_at`) VALUES (2, 1, 1, '+', 1, 200, '2019-04-22', NULL, '', 'yes', '2019-04-18 15:07:40');


#
# TABLE STRUCTURE FOR: item_store
#

DROP TABLE IF EXISTS `item_store`;

CREATE TABLE `item_store` (
  `id` int(255) NOT NULL AUTO_INCREMENT,
  `item_store` varchar(255) NOT NULL,
  `code` varchar(255) NOT NULL,
  `description` text NOT NULL,
  PRIMARY KEY (`id`)
) ENGINE=InnoDB AUTO_INCREMENT=2 DEFAULT CHARSET=utf8;

INSERT INTO `item_store` (`id`, `item_store`, `code`, `description`) VALUES (1, 'Stationary', '01', 'Pencil\r\nEraser\r\nPen\r\nRegister\r\nMaps\r\n');


#
# TABLE STRUCTURE FOR: item_supplier
#

DROP TABLE IF EXISTS `item_supplier`;

CREATE TABLE `item_supplier` (
  `id` int(255) NOT NULL AUTO_INCREMENT,
  `item_supplier` varchar(255) NOT NULL,
  `phone` varchar(255) NOT NULL,
  `email` varchar(255) NOT NULL,
  `address` varchar(255) NOT NULL,
  `contact_person_name` varchar(255) NOT NULL,
  `contact_person_phone` varchar(255) NOT NULL,
  `contact_person_email` varchar(255) NOT NULL,
  `description` text NOT NULL,
  PRIMARY KEY (`id`)
) ENGINE=InnoDB AUTO_INCREMENT=2 DEFAULT CHARSET=utf8;

INSERT INTO `item_supplier` (`id`, `item_supplier`, `phone`, `email`, `address`, `contact_person_name`, `contact_person_phone`, `contact_person_email`, `description`) VALUES (1, 'Mahek Stationary', '1234567891', 'mahek@gmail.com', 'Khandwa Indore', 'Tripti', '4561237891', 'abc@gmail.com', 'Stationary items');


#
# TABLE STRUCTURE FOR: languages
#

DROP TABLE IF EXISTS `languages`;

CREATE TABLE `languages` (
  `id` int(11) NOT NULL AUTO_INCREMENT,
  `language` varchar(50) DEFAULT NULL,
  `is_deleted` varchar(10) NOT NULL DEFAULT 'yes',
  `is_active` varchar(255) DEFAULT 'no',
  `created_at` timestamp NOT NULL DEFAULT CURRENT_TIMESTAMP ON UPDATE CURRENT_TIMESTAMP,
  `updated_at` timestamp NOT NULL DEFAULT '0000-00-00 00:00:00',
  PRIMARY KEY (`id`)
) ENGINE=InnoDB AUTO_INCREMENT=91 DEFAULT CHARSET=utf8;

INSERT INTO `languages` (`id`, `language`, `is_deleted`, `is_active`, `created_at`, `updated_at`) VALUES (1, 'Azerbaijan', 'no', 'no', '2017-04-06 10:38:33', '0000-00-00 00:00:00');
INSERT INTO `languages` (`id`, `language`, `is_deleted`, `is_active`, `created_at`, `updated_at`) VALUES (2, 'Albanian', 'no', 'no', '2017-04-06 10:38:33', '0000-00-00 00:00:00');
INSERT INTO `languages` (`id`, `language`, `is_deleted`, `is_active`, `created_at`, `updated_at`) VALUES (3, 'Amharic', 'no', 'no', '2017-04-06 10:38:33', '0000-00-00 00:00:00');
INSERT INTO `languages` (`id`, `language`, `is_deleted`, `is_active`, `created_at`, `updated_at`) VALUES (4, 'English', 'no', 'no', '2017-04-06 10:38:33', '0000-00-00 00:00:00');
INSERT INTO `languages` (`id`, `language`, `is_deleted`, `is_active`, `created_at`, `updated_at`) VALUES (5, 'Arabic', 'no', 'no', '2017-04-06 10:38:33', '0000-00-00 00:00:00');
INSERT INTO `languages` (`id`, `language`, `is_deleted`, `is_active`, `created_at`, `updated_at`) VALUES (7, 'Afrikaans', 'no', 'no', '2017-04-06 10:38:33', '0000-00-00 00:00:00');
INSERT INTO `languages` (`id`, `language`, `is_deleted`, `is_active`, `created_at`, `updated_at`) VALUES (8, 'Basque', 'no', 'no', '2017-04-06 10:38:33', '0000-00-00 00:00:00');
INSERT INTO `languages` (`id`, `language`, `is_deleted`, `is_active`, `created_at`, `updated_at`) VALUES (11, 'Bengali', 'no', 'no', '2017-04-06 10:38:33', '0000-00-00 00:00:00');
INSERT INTO `languages` (`id`, `language`, `is_deleted`, `is_active`, `created_at`, `updated_at`) VALUES (13, 'Bosnian', 'no', 'no', '2017-04-06 10:38:33', '0000-00-00 00:00:00');
INSERT INTO `languages` (`id`, `language`, `is_deleted`, `is_active`, `created_at`, `updated_at`) VALUES (14, 'Welsh', 'no', 'no', '2017-04-06 10:38:33', '0000-00-00 00:00:00');
INSERT INTO `languages` (`id`, `language`, `is_deleted`, `is_active`, `created_at`, `updated_at`) VALUES (15, 'Hungarian', 'no', 'no', '2017-04-06 10:38:33', '0000-00-00 00:00:00');
INSERT INTO `languages` (`id`, `language`, `is_deleted`, `is_active`, `created_at`, `updated_at`) VALUES (16, 'Vietnamese', 'no', 'no', '2017-04-06 10:38:33', '0000-00-00 00:00:00');
INSERT INTO `languages` (`id`, `language`, `is_deleted`, `is_active`, `created_at`, `updated_at`) VALUES (17, 'Haitian (Creole)', 'no', 'no', '2017-04-06 10:38:33', '0000-00-00 00:00:00');
INSERT INTO `languages` (`id`, `language`, `is_deleted`, `is_active`, `created_at`, `updated_at`) VALUES (18, 'Galician', 'no', 'no', '2017-04-06 10:38:33', '0000-00-00 00:00:00');
INSERT INTO `languages` (`id`, `language`, `is_deleted`, `is_active`, `created_at`, `updated_at`) VALUES (19, 'Dutch', 'no', 'no', '2017-04-06 10:38:33', '0000-00-00 00:00:00');
INSERT INTO `languages` (`id`, `language`, `is_deleted`, `is_active`, `created_at`, `updated_at`) VALUES (21, 'Greek', 'no', 'no', '2017-04-06 10:38:33', '0000-00-00 00:00:00');
INSERT INTO `languages` (`id`, `language`, `is_deleted`, `is_active`, `created_at`, `updated_at`) VALUES (22, 'Georgian', 'no', 'no', '2017-04-06 10:38:33', '0000-00-00 00:00:00');
INSERT INTO `languages` (`id`, `language`, `is_deleted`, `is_active`, `created_at`, `updated_at`) VALUES (23, 'Gujarati', 'no', 'no', '2017-04-06 10:38:33', '0000-00-00 00:00:00');
INSERT INTO `languages` (`id`, `language`, `is_deleted`, `is_active`, `created_at`, `updated_at`) VALUES (24, 'Danish', 'no', 'no', '2017-04-06 10:38:33', '0000-00-00 00:00:00');
INSERT INTO `languages` (`id`, `language`, `is_deleted`, `is_active`, `created_at`, `updated_at`) VALUES (25, 'Hebrew', 'no', 'no', '2017-04-06 10:38:33', '0000-00-00 00:00:00');
INSERT INTO `languages` (`id`, `language`, `is_deleted`, `is_active`, `created_at`, `updated_at`) VALUES (26, 'Yiddish', 'no', 'no', '2017-04-06 10:38:33', '0000-00-00 00:00:00');
INSERT INTO `languages` (`id`, `language`, `is_deleted`, `is_active`, `created_at`, `updated_at`) VALUES (27, 'Indonesian', 'no', 'no', '2017-04-06 10:38:33', '0000-00-00 00:00:00');
INSERT INTO `languages` (`id`, `language`, `is_deleted`, `is_active`, `created_at`, `updated_at`) VALUES (28, 'Irish', 'no', 'no', '2017-04-06 10:38:33', '0000-00-00 00:00:00');
INSERT INTO `languages` (`id`, `language`, `is_deleted`, `is_active`, `created_at`, `updated_at`) VALUES (29, 'Italian', 'no', 'no', '2017-04-06 10:38:33', '0000-00-00 00:00:00');
INSERT INTO `languages` (`id`, `language`, `is_deleted`, `is_active`, `created_at`, `updated_at`) VALUES (30, 'Icelandic', 'no', 'no', '2017-04-06 10:38:33', '0000-00-00 00:00:00');
INSERT INTO `languages` (`id`, `language`, `is_deleted`, `is_active`, `created_at`, `updated_at`) VALUES (31, 'Spanish', 'no', 'no', '2017-04-06 10:38:33', '0000-00-00 00:00:00');
INSERT INTO `languages` (`id`, `language`, `is_deleted`, `is_active`, `created_at`, `updated_at`) VALUES (33, 'Kannada', 'no', 'no', '2017-04-06 10:38:33', '0000-00-00 00:00:00');
INSERT INTO `languages` (`id`, `language`, `is_deleted`, `is_active`, `created_at`, `updated_at`) VALUES (34, 'Catalan', 'no', 'no', '2017-04-06 10:38:33', '0000-00-00 00:00:00');
INSERT INTO `languages` (`id`, `language`, `is_deleted`, `is_active`, `created_at`, `updated_at`) VALUES (36, 'Chinese', 'no', 'no', '2017-04-06 10:38:33', '0000-00-00 00:00:00');
INSERT INTO `languages` (`id`, `language`, `is_deleted`, `is_active`, `created_at`, `updated_at`) VALUES (37, 'Korean', 'no', 'no', '2017-04-06 10:38:33', '0000-00-00 00:00:00');
INSERT INTO `languages` (`id`, `language`, `is_deleted`, `is_active`, `created_at`, `updated_at`) VALUES (38, 'Xhosa', 'no', 'no', '2017-04-06 10:38:33', '0000-00-00 00:00:00');
INSERT INTO `languages` (`id`, `language`, `is_deleted`, `is_active`, `created_at`, `updated_at`) VALUES (39, 'Latin', 'no', 'no', '2017-04-06 10:38:33', '0000-00-00 00:00:00');
INSERT INTO `languages` (`id`, `language`, `is_deleted`, `is_active`, `created_at`, `updated_at`) VALUES (40, 'Latvian', 'no', 'no', '2017-04-06 10:38:33', '0000-00-00 00:00:00');
INSERT INTO `languages` (`id`, `language`, `is_deleted`, `is_active`, `created_at`, `updated_at`) VALUES (41, 'Lithuanian', 'no', 'no', '2017-04-06 10:38:33', '0000-00-00 00:00:00');
INSERT INTO `languages` (`id`, `language`, `is_deleted`, `is_active`, `created_at`, `updated_at`) VALUES (43, 'Malagasy', 'no', 'no', '2017-04-06 10:38:33', '0000-00-00 00:00:00');
INSERT INTO `languages` (`id`, `language`, `is_deleted`, `is_active`, `created_at`, `updated_at`) VALUES (44, 'Malay', 'no', 'no', '2017-04-06 10:38:33', '0000-00-00 00:00:00');
INSERT INTO `languages` (`id`, `language`, `is_deleted`, `is_active`, `created_at`, `updated_at`) VALUES (45, 'Malayalam', 'no', 'no', '2017-04-06 10:38:33', '0000-00-00 00:00:00');
INSERT INTO `languages` (`id`, `language`, `is_deleted`, `is_active`, `created_at`, `updated_at`) VALUES (46, 'Maltese', 'no', 'no', '2017-04-06 10:38:33', '0000-00-00 00:00:00');
INSERT INTO `languages` (`id`, `language`, `is_deleted`, `is_active`, `created_at`, `updated_at`) VALUES (47, 'Macedonian', 'no', 'no', '2017-04-06 10:38:33', '0000-00-00 00:00:00');
INSERT INTO `languages` (`id`, `language`, `is_deleted`, `is_active`, `created_at`, `updated_at`) VALUES (48, 'Maori', 'no', 'no', '2017-04-06 10:38:33', '0000-00-00 00:00:00');
INSERT INTO `languages` (`id`, `language`, `is_deleted`, `is_active`, `created_at`, `updated_at`) VALUES (49, 'Marathi', 'no', 'no', '2017-04-06 10:38:33', '0000-00-00 00:00:00');
INSERT INTO `languages` (`id`, `language`, `is_deleted`, `is_active`, `created_at`, `updated_at`) VALUES (51, 'Mongolian', 'no', 'no', '2017-04-06 10:38:33', '0000-00-00 00:00:00');
INSERT INTO `languages` (`id`, `language`, `is_deleted`, `is_active`, `created_at`, `updated_at`) VALUES (52, 'German', 'no', 'no', '2017-04-06 10:38:33', '0000-00-00 00:00:00');
INSERT INTO `languages` (`id`, `language`, `is_deleted`, `is_active`, `created_at`, `updated_at`) VALUES (53, 'Nepali', 'no', 'no', '2017-04-06 10:38:33', '0000-00-00 00:00:00');
INSERT INTO `languages` (`id`, `language`, `is_deleted`, `is_active`, `created_at`, `updated_at`) VALUES (54, 'Norwegian', 'no', 'no', '2017-04-06 10:38:33', '0000-00-00 00:00:00');
INSERT INTO `languages` (`id`, `language`, `is_deleted`, `is_active`, `created_at`, `updated_at`) VALUES (55, 'Punjabi', 'no', 'no', '2017-04-06 10:38:33', '0000-00-00 00:00:00');
INSERT INTO `languages` (`id`, `language`, `is_deleted`, `is_active`, `created_at`, `updated_at`) VALUES (57, 'Persian', 'no', 'no', '2017-04-06 10:38:33', '0000-00-00 00:00:00');
INSERT INTO `languages` (`id`, `language`, `is_deleted`, `is_active`, `created_at`, `updated_at`) VALUES (59, 'Portuguese', 'no', 'no', '2017-04-06 10:38:33', '0000-00-00 00:00:00');
INSERT INTO `languages` (`id`, `language`, `is_deleted`, `is_active`, `created_at`, `updated_at`) VALUES (60, 'Romanian', 'no', 'no', '2017-04-06 10:38:33', '0000-00-00 00:00:00');
INSERT INTO `languages` (`id`, `language`, `is_deleted`, `is_active`, `created_at`, `updated_at`) VALUES (61, 'Russian', 'no', 'no', '2017-04-06 10:38:33', '0000-00-00 00:00:00');
INSERT INTO `languages` (`id`, `language`, `is_deleted`, `is_active`, `created_at`, `updated_at`) VALUES (62, 'Cebuano', 'no', 'no', '2017-04-06 10:38:33', '0000-00-00 00:00:00');
INSERT INTO `languages` (`id`, `language`, `is_deleted`, `is_active`, `created_at`, `updated_at`) VALUES (64, 'Sinhala', 'no', 'no', '2017-04-06 10:38:33', '0000-00-00 00:00:00');
INSERT INTO `languages` (`id`, `language`, `is_deleted`, `is_active`, `created_at`, `updated_at`) VALUES (65, 'Slovakian', 'no', 'no', '2017-04-06 10:38:33', '0000-00-00 00:00:00');
INSERT INTO `languages` (`id`, `language`, `is_deleted`, `is_active`, `created_at`, `updated_at`) VALUES (66, 'Slovenian', 'no', 'no', '2017-04-06 10:38:33', '0000-00-00 00:00:00');
INSERT INTO `languages` (`id`, `language`, `is_deleted`, `is_active`, `created_at`, `updated_at`) VALUES (67, 'Swahili', 'no', 'no', '2017-04-06 10:38:33', '0000-00-00 00:00:00');
INSERT INTO `languages` (`id`, `language`, `is_deleted`, `is_active`, `created_at`, `updated_at`) VALUES (68, 'Sundanese', 'no', 'no', '2017-04-06 10:38:33', '0000-00-00 00:00:00');
INSERT INTO `languages` (`id`, `language`, `is_deleted`, `is_active`, `created_at`, `updated_at`) VALUES (70, 'Thai', 'no', 'no', '2017-04-06 10:38:33', '0000-00-00 00:00:00');
INSERT INTO `languages` (`id`, `language`, `is_deleted`, `is_active`, `created_at`, `updated_at`) VALUES (71, 'Tagalog', 'no', 'no', '2017-04-06 10:38:33', '0000-00-00 00:00:00');
INSERT INTO `languages` (`id`, `language`, `is_deleted`, `is_active`, `created_at`, `updated_at`) VALUES (72, 'Tamil', 'no', 'no', '2017-04-06 10:38:33', '0000-00-00 00:00:00');
INSERT INTO `languages` (`id`, `language`, `is_deleted`, `is_active`, `created_at`, `updated_at`) VALUES (74, 'Telugu', 'no', 'no', '2017-04-06 10:38:33', '0000-00-00 00:00:00');
INSERT INTO `languages` (`id`, `language`, `is_deleted`, `is_active`, `created_at`, `updated_at`) VALUES (75, 'Turkish', 'no', 'no', '2017-04-06 10:38:33', '0000-00-00 00:00:00');
INSERT INTO `languages` (`id`, `language`, `is_deleted`, `is_active`, `created_at`, `updated_at`) VALUES (77, 'Uzbek', 'no', 'no', '2017-04-06 10:38:33', '0000-00-00 00:00:00');
INSERT INTO `languages` (`id`, `language`, `is_deleted`, `is_active`, `created_at`, `updated_at`) VALUES (79, 'Urdu', 'no', 'no', '2017-04-06 10:38:33', '0000-00-00 00:00:00');
INSERT INTO `languages` (`id`, `language`, `is_deleted`, `is_active`, `created_at`, `updated_at`) VALUES (80, 'Finnish', 'no', 'no', '2017-04-06 10:38:33', '0000-00-00 00:00:00');
INSERT INTO `languages` (`id`, `language`, `is_deleted`, `is_active`, `created_at`, `updated_at`) VALUES (81, 'French', 'no', 'no', '2017-04-06 10:38:33', '0000-00-00 00:00:00');
INSERT INTO `languages` (`id`, `language`, `is_deleted`, `is_active`, `created_at`, `updated_at`) VALUES (82, 'Hindi', 'no', 'no', '2017-04-06 10:38:33', '0000-00-00 00:00:00');
INSERT INTO `languages` (`id`, `language`, `is_deleted`, `is_active`, `created_at`, `updated_at`) VALUES (84, 'Czech', 'no', 'no', '2017-04-06 10:38:33', '0000-00-00 00:00:00');
INSERT INTO `languages` (`id`, `language`, `is_deleted`, `is_active`, `created_at`, `updated_at`) VALUES (85, 'Swedish', 'no', 'no', '2017-04-06 10:38:33', '0000-00-00 00:00:00');
INSERT INTO `languages` (`id`, `language`, `is_deleted`, `is_active`, `created_at`, `updated_at`) VALUES (86, 'Scottish', 'no', 'no', '2017-04-06 10:38:33', '0000-00-00 00:00:00');
INSERT INTO `languages` (`id`, `language`, `is_deleted`, `is_active`, `created_at`, `updated_at`) VALUES (87, 'Estonian', 'no', 'no', '2017-04-06 10:38:33', '0000-00-00 00:00:00');
INSERT INTO `languages` (`id`, `language`, `is_deleted`, `is_active`, `created_at`, `updated_at`) VALUES (88, 'Esperanto', 'no', 'no', '2017-04-06 10:38:33', '0000-00-00 00:00:00');
INSERT INTO `languages` (`id`, `language`, `is_deleted`, `is_active`, `created_at`, `updated_at`) VALUES (89, 'Javanese', 'no', 'no', '2017-04-06 10:38:33', '0000-00-00 00:00:00');
INSERT INTO `languages` (`id`, `language`, `is_deleted`, `is_active`, `created_at`, `updated_at`) VALUES (90, 'Japanese', 'no', 'no', '2017-04-06 10:38:33', '0000-00-00 00:00:00');


#
# TABLE STRUCTURE FOR: leave_types
#

DROP TABLE IF EXISTS `leave_types`;

CREATE TABLE `leave_types` (
  `id` int(11) NOT NULL AUTO_INCREMENT,
  `type` varchar(200) NOT NULL,
  `is_active` varchar(50) NOT NULL,
  PRIMARY KEY (`id`),
  UNIQUE KEY `type` (`type`)
) ENGINE=InnoDB AUTO_INCREMENT=4 DEFAULT CHARSET=utf8;

INSERT INTO `leave_types` (`id`, `type`, `is_active`) VALUES (1, 'Medical ', 'yes');
INSERT INTO `leave_types` (`id`, `type`, `is_active`) VALUES (2, 'Emergency ', 'yes');
INSERT INTO `leave_types` (`id`, `type`, `is_active`) VALUES (3, 'Casual', 'yes');


#
# TABLE STRUCTURE FOR: libarary_members
#

DROP TABLE IF EXISTS `libarary_members`;

CREATE TABLE `libarary_members` (
  `id` int(11) unsigned NOT NULL AUTO_INCREMENT,
  `library_card_no` varchar(50) DEFAULT NULL,
  `member_type` varchar(50) DEFAULT NULL,
  `member_id` int(11) DEFAULT NULL,
  `is_active` varchar(10) NOT NULL DEFAULT 'no',
  `created_at` timestamp NOT NULL DEFAULT CURRENT_TIMESTAMP ON UPDATE CURRENT_TIMESTAMP,
  PRIMARY KEY (`id`)
) ENGINE=InnoDB AUTO_INCREMENT=5 DEFAULT CHARSET=utf8;

INSERT INTO `libarary_members` (`id`, `library_card_no`, `member_type`, `member_id`, `is_active`, `created_at`) VALUES (1, '001', 'teacher', 3, 'no', '2019-04-18 14:45:35');
INSERT INTO `libarary_members` (`id`, `library_card_no`, `member_type`, `member_id`, `is_active`, `created_at`) VALUES (2, '002', 'teacher', 2, 'no', '2019-04-18 14:45:41');
INSERT INTO `libarary_members` (`id`, `library_card_no`, `member_type`, `member_id`, `is_active`, `created_at`) VALUES (3, '03', 'teacher', 1, 'no', '2019-04-18 14:45:55');
INSERT INTO `libarary_members` (`id`, `library_card_no`, `member_type`, `member_id`, `is_active`, `created_at`) VALUES (4, '0101', 'student', 1, 'no', '2019-04-18 14:46:13');


#
# TABLE STRUCTURE FOR: messages
#

DROP TABLE IF EXISTS `messages`;

CREATE TABLE `messages` (
  `id` int(11) NOT NULL AUTO_INCREMENT,
  `title` varchar(200) DEFAULT NULL,
  `message` text,
  `send_mail` varchar(10) DEFAULT '0',
  `send_sms` varchar(10) DEFAULT '0',
  `is_group` varchar(10) DEFAULT '0',
  `is_individual` varchar(10) DEFAULT '0',
  `is_class` int(10) NOT NULL DEFAULT '0',
  `group_list` text,
  `user_list` text,
  `created_at` timestamp NOT NULL DEFAULT CURRENT_TIMESTAMP ON UPDATE CURRENT_TIMESTAMP,
  `updated_at` timestamp NOT NULL DEFAULT '0000-00-00 00:00:00',
  PRIMARY KEY (`id`)
) ENGINE=InnoDB DEFAULT CHARSET=utf8;

#
# TABLE STRUCTURE FOR: migrations
#

DROP TABLE IF EXISTS `migrations`;

CREATE TABLE `migrations` (
  `version` bigint(20) NOT NULL
) ENGINE=InnoDB DEFAULT CHARSET=utf8;

#
# TABLE STRUCTURE FOR: notification_roles
#

DROP TABLE IF EXISTS `notification_roles`;

CREATE TABLE `notification_roles` (
  `id` int(11) NOT NULL AUTO_INCREMENT,
  `send_notification_id` int(11) DEFAULT NULL,
  `role_id` int(11) DEFAULT NULL,
  `is_active` int(11) DEFAULT '0',
  `created_at` timestamp NOT NULL DEFAULT CURRENT_TIMESTAMP ON UPDATE CURRENT_TIMESTAMP,
  PRIMARY KEY (`id`),
  KEY `send_notification_id` (`send_notification_id`),
  KEY `role_id` (`role_id`),
  CONSTRAINT `notification_roles_ibfk_1` FOREIGN KEY (`send_notification_id`) REFERENCES `send_notification` (`id`) ON DELETE CASCADE,
  CONSTRAINT `notification_roles_ibfk_2` FOREIGN KEY (`role_id`) REFERENCES `roles` (`id`) ON DELETE CASCADE
) ENGINE=InnoDB AUTO_INCREMENT=8 DEFAULT CHARSET=utf8;

INSERT INTO `notification_roles` (`id`, `send_notification_id`, `role_id`, `is_active`, `created_at`) VALUES (1, 1, 7, 0, '2019-04-17 21:50:03');
INSERT INTO `notification_roles` (`id`, `send_notification_id`, `role_id`, `is_active`, `created_at`) VALUES (2, 2, 2, 0, '2019-04-18 14:27:52');
INSERT INTO `notification_roles` (`id`, `send_notification_id`, `role_id`, `is_active`, `created_at`) VALUES (3, 2, 3, 0, '2019-04-18 14:27:52');
INSERT INTO `notification_roles` (`id`, `send_notification_id`, `role_id`, `is_active`, `created_at`) VALUES (4, 2, 6, 0, '2019-04-18 14:27:52');
INSERT INTO `notification_roles` (`id`, `send_notification_id`, `role_id`, `is_active`, `created_at`) VALUES (5, 2, 7, 0, '2019-04-18 14:27:52');
INSERT INTO `notification_roles` (`id`, `send_notification_id`, `role_id`, `is_active`, `created_at`) VALUES (6, 3, 2, 0, '2019-04-18 14:30:00');
INSERT INTO `notification_roles` (`id`, `send_notification_id`, `role_id`, `is_active`, `created_at`) VALUES (7, 3, 7, 0, '2019-04-18 14:30:00');


#
# TABLE STRUCTURE FOR: notification_setting
#

DROP TABLE IF EXISTS `notification_setting`;

CREATE TABLE `notification_setting` (
  `id` int(11) NOT NULL AUTO_INCREMENT,
  `type` varchar(100) DEFAULT NULL,
  `is_mail` varchar(10) DEFAULT '0',
  `is_sms` varchar(10) DEFAULT '0',
  `created_at` timestamp NOT NULL DEFAULT CURRENT_TIMESTAMP ON UPDATE CURRENT_TIMESTAMP,
  PRIMARY KEY (`id`)
) ENGINE=InnoDB AUTO_INCREMENT=6 DEFAULT CHARSET=utf8;

INSERT INTO `notification_setting` (`id`, `type`, `is_mail`, `is_sms`, `created_at`) VALUES (1, 'student_admission', '1', '1', '2019-04-18 16:03:08');
INSERT INTO `notification_setting` (`id`, `type`, `is_mail`, `is_sms`, `created_at`) VALUES (2, 'exam_result', '1', '1', '2019-04-18 16:03:08');
INSERT INTO `notification_setting` (`id`, `type`, `is_mail`, `is_sms`, `created_at`) VALUES (3, 'fee_submission', '1', '1', '2019-04-18 16:03:08');
INSERT INTO `notification_setting` (`id`, `type`, `is_mail`, `is_sms`, `created_at`) VALUES (4, 'absent_attendence', '1', '1', '2019-04-18 16:03:08');
INSERT INTO `notification_setting` (`id`, `type`, `is_mail`, `is_sms`, `created_at`) VALUES (5, 'login_credential', '1', '1', '2019-04-18 16:03:08');


#
# TABLE STRUCTURE FOR: payment_settings
#

DROP TABLE IF EXISTS `payment_settings`;

CREATE TABLE `payment_settings` (
  `id` int(11) NOT NULL AUTO_INCREMENT,
  `payment_type` varchar(200) NOT NULL,
  `api_username` varchar(200) DEFAULT NULL,
  `api_secret_key` varchar(200) NOT NULL,
  `salt` varchar(200) NOT NULL,
  `api_publishable_key` varchar(200) NOT NULL,
  `api_password` varchar(200) DEFAULT NULL,
  `api_signature` varchar(200) DEFAULT NULL,
  `api_email` varchar(200) DEFAULT NULL,
  `paypal_demo` varchar(100) NOT NULL,
  `account_no` varchar(200) NOT NULL,
  `is_active` varchar(255) DEFAULT 'no',
  `created_at` timestamp NOT NULL DEFAULT CURRENT_TIMESTAMP ON UPDATE CURRENT_TIMESTAMP,
  `updated_at` timestamp NOT NULL DEFAULT '0000-00-00 00:00:00',
  PRIMARY KEY (`id`)
) ENGINE=InnoDB AUTO_INCREMENT=5 DEFAULT CHARSET=utf8;

INSERT INTO `payment_settings` (`id`, `payment_type`, `api_username`, `api_secret_key`, `salt`, `api_publishable_key`, `api_password`, `api_signature`, `api_email`, `paypal_demo`, `account_no`, `is_active`, `created_at`, `updated_at`) VALUES (1, 'paypal', '', '', '', '', '', '', NULL, '', '', 'yes', '2018-07-12 10:56:13', '0000-00-00 00:00:00');
INSERT INTO `payment_settings` (`id`, `payment_type`, `api_username`, `api_secret_key`, `salt`, `api_publishable_key`, `api_password`, `api_signature`, `api_email`, `paypal_demo`, `account_no`, `is_active`, `created_at`, `updated_at`) VALUES (2, 'stripe', NULL, '', '', '', NULL, NULL, NULL, '', '', 'no', '2018-07-12 10:56:26', '0000-00-00 00:00:00');
INSERT INTO `payment_settings` (`id`, `payment_type`, `api_username`, `api_secret_key`, `salt`, `api_publishable_key`, `api_password`, `api_signature`, `api_email`, `paypal_demo`, `account_no`, `is_active`, `created_at`, `updated_at`) VALUES (3, 'payu', NULL, '', '', '', NULL, NULL, NULL, '', '', 'no', '2018-07-12 10:56:35', '0000-00-00 00:00:00');
INSERT INTO `payment_settings` (`id`, `payment_type`, `api_username`, `api_secret_key`, `salt`, `api_publishable_key`, `api_password`, `api_signature`, `api_email`, `paypal_demo`, `account_no`, `is_active`, `created_at`, `updated_at`) VALUES (4, 'ccavenue', NULL, '', '', '', NULL, NULL, NULL, '', '', 'no', '2018-07-12 10:56:45', '0000-00-00 00:00:00');


#
# TABLE STRUCTURE FOR: payslip_allowance
#

DROP TABLE IF EXISTS `payslip_allowance`;

CREATE TABLE `payslip_allowance` (
  `id` int(11) NOT NULL AUTO_INCREMENT,
  `payslip_id` int(11) NOT NULL,
  `allowance_type` varchar(200) NOT NULL,
  `amount` int(11) NOT NULL,
  `staff_id` int(11) NOT NULL,
  `cal_type` varchar(100) NOT NULL,
  PRIMARY KEY (`id`)
) ENGINE=InnoDB AUTO_INCREMENT=5 DEFAULT CHARSET=utf8;

INSERT INTO `payslip_allowance` (`id`, `payslip_id`, `allowance_type`, `amount`, `staff_id`, `cal_type`) VALUES (1, 1, 'Present', 20000, 2, 'positive');
INSERT INTO `payslip_allowance` (`id`, `payslip_id`, `allowance_type`, `amount`, `staff_id`, `cal_type`) VALUES (2, 1, 'HRA', 5000, 2, 'positive');
INSERT INTO `payslip_allowance` (`id`, `payslip_id`, `allowance_type`, `amount`, `staff_id`, `cal_type`) VALUES (3, 1, 'SA', 4000, 2, 'positive');
INSERT INTO `payslip_allowance` (`id`, `payslip_id`, `allowance_type`, `amount`, `staff_id`, `cal_type`) VALUES (4, 1, 'Leave', 1000, 2, 'negative');


#
# TABLE STRUCTURE FOR: permission_category
#

DROP TABLE IF EXISTS `permission_category`;

CREATE TABLE `permission_category` (
  `id` int(11) NOT NULL AUTO_INCREMENT,
  `perm_group_id` int(11) DEFAULT NULL,
  `name` varchar(100) DEFAULT NULL,
  `short_code` varchar(100) DEFAULT NULL,
  `enable_view` int(11) DEFAULT '0',
  `enable_add` int(11) DEFAULT '0',
  `enable_edit` int(11) DEFAULT '0',
  `enable_delete` int(11) DEFAULT '0',
  `created_at` timestamp NOT NULL DEFAULT CURRENT_TIMESTAMP ON UPDATE CURRENT_TIMESTAMP,
  PRIMARY KEY (`id`)
) ENGINE=InnoDB AUTO_INCREMENT=132 DEFAULT CHARSET=utf8;

INSERT INTO `permission_category` (`id`, `perm_group_id`, `name`, `short_code`, `enable_view`, `enable_add`, `enable_edit`, `enable_delete`, `created_at`) VALUES (1, 1, 'Student', 'student', 1, 1, 1, 1, '2018-06-22 21:17:11');
INSERT INTO `permission_category` (`id`, `perm_group_id`, `name`, `short_code`, `enable_view`, `enable_add`, `enable_edit`, `enable_delete`, `created_at`) VALUES (2, 1, 'Import Student', 'import_student', 1, 0, 0, 0, '2018-06-22 21:17:19');
INSERT INTO `permission_category` (`id`, `perm_group_id`, `name`, `short_code`, `enable_view`, `enable_add`, `enable_edit`, `enable_delete`, `created_at`) VALUES (3, 1, 'Student Categories', 'student_categories', 1, 1, 1, 1, '2018-06-22 21:17:36');
INSERT INTO `permission_category` (`id`, `perm_group_id`, `name`, `short_code`, `enable_view`, `enable_add`, `enable_edit`, `enable_delete`, `created_at`) VALUES (4, 1, 'Student Houses', 'student_houses', 1, 1, 1, 1, '2018-06-22 21:17:53');
INSERT INTO `permission_category` (`id`, `perm_group_id`, `name`, `short_code`, `enable_view`, `enable_add`, `enable_edit`, `enable_delete`, `created_at`) VALUES (5, 2, 'Collect Fees', 'collect_fees', 1, 1, 0, 1, '2018-06-22 21:21:03');
INSERT INTO `permission_category` (`id`, `perm_group_id`, `name`, `short_code`, `enable_view`, `enable_add`, `enable_edit`, `enable_delete`, `created_at`) VALUES (6, 2, 'Fees Carry Forward', 'fees_carry_forward', 1, 0, 0, 0, '2018-06-27 11:18:15');
INSERT INTO `permission_category` (`id`, `perm_group_id`, `name`, `short_code`, `enable_view`, `enable_add`, `enable_edit`, `enable_delete`, `created_at`) VALUES (7, 2, 'Fees Master', 'fees_master', 1, 1, 1, 1, '2018-06-27 11:18:57');
INSERT INTO `permission_category` (`id`, `perm_group_id`, `name`, `short_code`, `enable_view`, `enable_add`, `enable_edit`, `enable_delete`, `created_at`) VALUES (8, 2, 'Fees Group', 'fees_group', 1, 1, 1, 1, '2018-06-22 21:21:46');
INSERT INTO `permission_category` (`id`, `perm_group_id`, `name`, `short_code`, `enable_view`, `enable_add`, `enable_edit`, `enable_delete`, `created_at`) VALUES (9, 3, 'Income', 'income', 1, 1, 1, 1, '2018-06-22 21:23:21');
INSERT INTO `permission_category` (`id`, `perm_group_id`, `name`, `short_code`, `enable_view`, `enable_add`, `enable_edit`, `enable_delete`, `created_at`) VALUES (10, 3, 'Income Head', 'income_head', 1, 1, 1, 1, '2018-06-22 21:22:44');
INSERT INTO `permission_category` (`id`, `perm_group_id`, `name`, `short_code`, `enable_view`, `enable_add`, `enable_edit`, `enable_delete`, `created_at`) VALUES (11, 3, 'Search Income', 'search_income', 1, 0, 0, 0, '2018-06-22 21:23:00');
INSERT INTO `permission_category` (`id`, `perm_group_id`, `name`, `short_code`, `enable_view`, `enable_add`, `enable_edit`, `enable_delete`, `created_at`) VALUES (12, 4, 'Expense', 'expense', 1, 1, 1, 1, '2018-06-22 21:24:06');
INSERT INTO `permission_category` (`id`, `perm_group_id`, `name`, `short_code`, `enable_view`, `enable_add`, `enable_edit`, `enable_delete`, `created_at`) VALUES (13, 4, 'Expense Head', 'expense_head', 1, 1, 1, 1, '2018-06-22 21:23:47');
INSERT INTO `permission_category` (`id`, `perm_group_id`, `name`, `short_code`, `enable_view`, `enable_add`, `enable_edit`, `enable_delete`, `created_at`) VALUES (14, 4, 'Search Expense', 'search_expense', 1, 0, 0, 0, '2018-06-22 21:24:13');
INSERT INTO `permission_category` (`id`, `perm_group_id`, `name`, `short_code`, `enable_view`, `enable_add`, `enable_edit`, `enable_delete`, `created_at`) VALUES (15, 5, 'Student Attendance', 'student_attendance', 1, 1, 1, 0, '2018-06-22 21:24:49');
INSERT INTO `permission_category` (`id`, `perm_group_id`, `name`, `short_code`, `enable_view`, `enable_add`, `enable_edit`, `enable_delete`, `created_at`) VALUES (16, 5, 'Student Attendance Report', 'student_attendance_report', 1, 0, 0, 0, '2018-06-22 21:24:26');
INSERT INTO `permission_category` (`id`, `perm_group_id`, `name`, `short_code`, `enable_view`, `enable_add`, `enable_edit`, `enable_delete`, `created_at`) VALUES (17, 6, 'Exam', 'exam', 1, 1, 1, 1, '2018-06-22 21:26:02');
INSERT INTO `permission_category` (`id`, `perm_group_id`, `name`, `short_code`, `enable_view`, `enable_add`, `enable_edit`, `enable_delete`, `created_at`) VALUES (19, 6, 'Marks Register', 'marks_register', 1, 1, 1, 0, '2018-06-22 21:26:19');
INSERT INTO `permission_category` (`id`, `perm_group_id`, `name`, `short_code`, `enable_view`, `enable_add`, `enable_edit`, `enable_delete`, `created_at`) VALUES (20, 6, 'Marks Grade', 'marks_grade', 1, 1, 1, 1, '2018-06-22 21:25:25');
INSERT INTO `permission_category` (`id`, `perm_group_id`, `name`, `short_code`, `enable_view`, `enable_add`, `enable_edit`, `enable_delete`, `created_at`) VALUES (21, 7, 'Class Timetable', 'class_timetable', 1, 1, 1, 0, '2018-06-22 21:31:36');
INSERT INTO `permission_category` (`id`, `perm_group_id`, `name`, `short_code`, `enable_view`, `enable_add`, `enable_edit`, `enable_delete`, `created_at`) VALUES (22, 7, 'Assign Subject', 'assign_subject', 1, 1, 1, 1, '2018-06-22 21:31:57');
INSERT INTO `permission_category` (`id`, `perm_group_id`, `name`, `short_code`, `enable_view`, `enable_add`, `enable_edit`, `enable_delete`, `created_at`) VALUES (23, 7, 'Subject', 'subject', 1, 1, 1, 1, '2018-06-22 21:32:17');
INSERT INTO `permission_category` (`id`, `perm_group_id`, `name`, `short_code`, `enable_view`, `enable_add`, `enable_edit`, `enable_delete`, `created_at`) VALUES (24, 7, 'Class', 'class', 1, 1, 1, 1, '2018-06-22 21:32:35');
INSERT INTO `permission_category` (`id`, `perm_group_id`, `name`, `short_code`, `enable_view`, `enable_add`, `enable_edit`, `enable_delete`, `created_at`) VALUES (25, 7, 'Section', 'section', 1, 1, 1, 1, '2018-06-22 21:31:10');
INSERT INTO `permission_category` (`id`, `perm_group_id`, `name`, `short_code`, `enable_view`, `enable_add`, `enable_edit`, `enable_delete`, `created_at`) VALUES (26, 7, 'Promote Student', 'promote_student', 1, 0, 0, 0, '2018-06-22 21:32:47');
INSERT INTO `permission_category` (`id`, `perm_group_id`, `name`, `short_code`, `enable_view`, `enable_add`, `enable_edit`, `enable_delete`, `created_at`) VALUES (27, 8, 'Upload Content', 'upload_content', 1, 1, 0, 1, '2018-06-22 21:33:19');
INSERT INTO `permission_category` (`id`, `perm_group_id`, `name`, `short_code`, `enable_view`, `enable_add`, `enable_edit`, `enable_delete`, `created_at`) VALUES (28, 9, 'Books', 'books', 1, 1, 1, 1, '2018-06-22 21:34:04');
INSERT INTO `permission_category` (`id`, `perm_group_id`, `name`, `short_code`, `enable_view`, `enable_add`, `enable_edit`, `enable_delete`, `created_at`) VALUES (29, 9, 'Issue Return Student', 'issue_return', 1, 0, 0, 0, '2018-06-22 21:33:41');
INSERT INTO `permission_category` (`id`, `perm_group_id`, `name`, `short_code`, `enable_view`, `enable_add`, `enable_edit`, `enable_delete`, `created_at`) VALUES (30, 9, 'Add Staff Member', 'add_staff_member', 1, 0, 0, 0, '2018-07-02 22:37:00');
INSERT INTO `permission_category` (`id`, `perm_group_id`, `name`, `short_code`, `enable_view`, `enable_add`, `enable_edit`, `enable_delete`, `created_at`) VALUES (31, 10, 'Issue Item', 'issue_item', 1, 0, 0, 0, '2018-06-22 21:34:51');
INSERT INTO `permission_category` (`id`, `perm_group_id`, `name`, `short_code`, `enable_view`, `enable_add`, `enable_edit`, `enable_delete`, `created_at`) VALUES (32, 10, 'Item Stock', 'item_stock', 1, 1, 1, 1, '2018-06-22 21:35:17');
INSERT INTO `permission_category` (`id`, `perm_group_id`, `name`, `short_code`, `enable_view`, `enable_add`, `enable_edit`, `enable_delete`, `created_at`) VALUES (33, 10, 'Item', 'item', 1, 1, 1, 1, '2018-06-22 21:35:40');
INSERT INTO `permission_category` (`id`, `perm_group_id`, `name`, `short_code`, `enable_view`, `enable_add`, `enable_edit`, `enable_delete`, `created_at`) VALUES (34, 10, 'Store', 'store', 1, 1, 1, 1, '2018-06-22 21:36:02');
INSERT INTO `permission_category` (`id`, `perm_group_id`, `name`, `short_code`, `enable_view`, `enable_add`, `enable_edit`, `enable_delete`, `created_at`) VALUES (35, 10, 'Supplier', 'supplier', 1, 1, 1, 1, '2018-06-22 21:36:25');
INSERT INTO `permission_category` (`id`, `perm_group_id`, `name`, `short_code`, `enable_view`, `enable_add`, `enable_edit`, `enable_delete`, `created_at`) VALUES (37, 11, 'Routes', 'routes', 1, 1, 1, 1, '2018-06-22 21:39:17');
INSERT INTO `permission_category` (`id`, `perm_group_id`, `name`, `short_code`, `enable_view`, `enable_add`, `enable_edit`, `enable_delete`, `created_at`) VALUES (38, 11, 'Vehicle', 'vehicle', 1, 1, 1, 1, '2018-06-22 21:39:36');
INSERT INTO `permission_category` (`id`, `perm_group_id`, `name`, `short_code`, `enable_view`, `enable_add`, `enable_edit`, `enable_delete`, `created_at`) VALUES (39, 11, 'Assign Vehicle', 'assign_vehicle', 1, 1, 1, 1, '2018-06-27 15:39:20');
INSERT INTO `permission_category` (`id`, `perm_group_id`, `name`, `short_code`, `enable_view`, `enable_add`, `enable_edit`, `enable_delete`, `created_at`) VALUES (40, 12, 'Hostel', 'hostel', 1, 1, 1, 1, '2018-06-22 21:40:49');
INSERT INTO `permission_category` (`id`, `perm_group_id`, `name`, `short_code`, `enable_view`, `enable_add`, `enable_edit`, `enable_delete`, `created_at`) VALUES (41, 12, 'Room Type', 'room_type', 1, 1, 1, 1, '2018-06-22 21:40:27');
INSERT INTO `permission_category` (`id`, `perm_group_id`, `name`, `short_code`, `enable_view`, `enable_add`, `enable_edit`, `enable_delete`, `created_at`) VALUES (42, 12, 'Hostel Rooms', 'hostel_rooms', 1, 1, 1, 1, '2018-06-25 17:23:03');
INSERT INTO `permission_category` (`id`, `perm_group_id`, `name`, `short_code`, `enable_view`, `enable_add`, `enable_edit`, `enable_delete`, `created_at`) VALUES (43, 13, 'Notice Board', 'notice_board', 1, 1, 1, 1, '2018-06-22 21:41:17');
INSERT INTO `permission_category` (`id`, `perm_group_id`, `name`, `short_code`, `enable_view`, `enable_add`, `enable_edit`, `enable_delete`, `created_at`) VALUES (44, 13, 'Email / SMS', 'email_sms', 1, 0, 0, 0, '2018-06-22 21:40:54');
INSERT INTO `permission_category` (`id`, `perm_group_id`, `name`, `short_code`, `enable_view`, `enable_add`, `enable_edit`, `enable_delete`, `created_at`) VALUES (46, 13, 'Email / SMS Log', 'email_sms_log', 1, 0, 0, 0, '2018-06-22 21:41:23');
INSERT INTO `permission_category` (`id`, `perm_group_id`, `name`, `short_code`, `enable_view`, `enable_add`, `enable_edit`, `enable_delete`, `created_at`) VALUES (47, 1, 'Student Report', 'student_report', 1, 0, 0, 0, '2018-07-03 21:49:36');
INSERT INTO `permission_category` (`id`, `perm_group_id`, `name`, `short_code`, `enable_view`, `enable_add`, `enable_edit`, `enable_delete`, `created_at`) VALUES (48, 14, 'Transaction Report', 'transaction_report', 1, 0, 0, 0, '2018-07-06 22:43:32');
INSERT INTO `permission_category` (`id`, `perm_group_id`, `name`, `short_code`, `enable_view`, `enable_add`, `enable_edit`, `enable_delete`, `created_at`) VALUES (49, 14, 'User Log', 'user_log', 1, 0, 0, 0, '2018-07-06 22:43:53');
INSERT INTO `permission_category` (`id`, `perm_group_id`, `name`, `short_code`, `enable_view`, `enable_add`, `enable_edit`, `enable_delete`, `created_at`) VALUES (53, 15, 'Languages', 'languages', 0, 1, 0, 0, '2018-06-22 21:43:18');
INSERT INTO `permission_category` (`id`, `perm_group_id`, `name`, `short_code`, `enable_view`, `enable_add`, `enable_edit`, `enable_delete`, `created_at`) VALUES (54, 15, 'General Setting', 'general_setting', 1, 0, 1, 0, '2018-07-05 20:08:35');
INSERT INTO `permission_category` (`id`, `perm_group_id`, `name`, `short_code`, `enable_view`, `enable_add`, `enable_edit`, `enable_delete`, `created_at`) VALUES (55, 15, 'Session Setting', 'session_setting', 1, 1, 1, 1, '2018-06-22 21:44:15');
INSERT INTO `permission_category` (`id`, `perm_group_id`, `name`, `short_code`, `enable_view`, `enable_add`, `enable_edit`, `enable_delete`, `created_at`) VALUES (56, 15, 'Notification Setting', 'notification_setting', 1, 0, 1, 0, '2018-07-05 20:08:41');
INSERT INTO `permission_category` (`id`, `perm_group_id`, `name`, `short_code`, `enable_view`, `enable_add`, `enable_edit`, `enable_delete`, `created_at`) VALUES (57, 15, 'SMS Setting', 'sms_setting', 1, 0, 1, 0, '2018-07-05 20:08:47');
INSERT INTO `permission_category` (`id`, `perm_group_id`, `name`, `short_code`, `enable_view`, `enable_add`, `enable_edit`, `enable_delete`, `created_at`) VALUES (58, 15, 'Email Setting', 'email_setting', 1, 0, 1, 0, '2018-07-05 20:08:51');
INSERT INTO `permission_category` (`id`, `perm_group_id`, `name`, `short_code`, `enable_view`, `enable_add`, `enable_edit`, `enable_delete`, `created_at`) VALUES (59, 15, 'Front CMS Setting', 'front_cms_setting', 1, 0, 1, 0, '2018-07-05 20:08:55');
INSERT INTO `permission_category` (`id`, `perm_group_id`, `name`, `short_code`, `enable_view`, `enable_add`, `enable_edit`, `enable_delete`, `created_at`) VALUES (60, 15, 'Payment Methods', 'payment_methods', 1, 0, 1, 0, '2018-07-05 20:08:59');
INSERT INTO `permission_category` (`id`, `perm_group_id`, `name`, `short_code`, `enable_view`, `enable_add`, `enable_edit`, `enable_delete`, `created_at`) VALUES (61, 16, 'Menus', 'menus', 1, 1, 0, 1, '2018-07-09 14:50:06');
INSERT INTO `permission_category` (`id`, `perm_group_id`, `name`, `short_code`, `enable_view`, `enable_add`, `enable_edit`, `enable_delete`, `created_at`) VALUES (62, 16, 'Media Manager', 'media_manager', 1, 1, 0, 1, '2018-07-09 14:50:26');
INSERT INTO `permission_category` (`id`, `perm_group_id`, `name`, `short_code`, `enable_view`, `enable_add`, `enable_edit`, `enable_delete`, `created_at`) VALUES (63, 16, 'Banner Images', 'banner_images', 1, 1, 0, 1, '2018-06-22 21:46:02');
INSERT INTO `permission_category` (`id`, `perm_group_id`, `name`, `short_code`, `enable_view`, `enable_add`, `enable_edit`, `enable_delete`, `created_at`) VALUES (64, 16, 'Pages', 'pages', 1, 1, 1, 1, '2018-06-22 21:46:21');
INSERT INTO `permission_category` (`id`, `perm_group_id`, `name`, `short_code`, `enable_view`, `enable_add`, `enable_edit`, `enable_delete`, `created_at`) VALUES (65, 16, 'Gallery', 'gallery', 1, 1, 1, 1, '2018-06-22 21:47:02');
INSERT INTO `permission_category` (`id`, `perm_group_id`, `name`, `short_code`, `enable_view`, `enable_add`, `enable_edit`, `enable_delete`, `created_at`) VALUES (66, 16, 'Event', 'event', 1, 1, 1, 1, '2018-06-22 21:47:20');
INSERT INTO `permission_category` (`id`, `perm_group_id`, `name`, `short_code`, `enable_view`, `enable_add`, `enable_edit`, `enable_delete`, `created_at`) VALUES (67, 16, 'News', 'notice', 1, 1, 1, 1, '2018-07-03 19:39:34');
INSERT INTO `permission_category` (`id`, `perm_group_id`, `name`, `short_code`, `enable_view`, `enable_add`, `enable_edit`, `enable_delete`, `created_at`) VALUES (68, 2, 'Fees Group Assign', 'fees_group_assign', 1, 0, 0, 0, '2018-06-22 21:20:42');
INSERT INTO `permission_category` (`id`, `perm_group_id`, `name`, `short_code`, `enable_view`, `enable_add`, `enable_edit`, `enable_delete`, `created_at`) VALUES (69, 2, 'Fees Type', 'fees_type', 1, 1, 1, 1, '2018-06-22 21:19:34');
INSERT INTO `permission_category` (`id`, `perm_group_id`, `name`, `short_code`, `enable_view`, `enable_add`, `enable_edit`, `enable_delete`, `created_at`) VALUES (70, 2, 'Fees Discount', 'fees_discount', 1, 1, 1, 1, '2018-06-22 21:20:10');
INSERT INTO `permission_category` (`id`, `perm_group_id`, `name`, `short_code`, `enable_view`, `enable_add`, `enable_edit`, `enable_delete`, `created_at`) VALUES (71, 2, 'Fees Discount Assign', 'fees_discount_assign', 1, 0, 0, 0, '2018-06-22 21:20:17');
INSERT INTO `permission_category` (`id`, `perm_group_id`, `name`, `short_code`, `enable_view`, `enable_add`, `enable_edit`, `enable_delete`, `created_at`) VALUES (72, 2, 'Fees Statement', 'fees_statement', 1, 0, 0, 0, '2018-06-22 21:18:56');
INSERT INTO `permission_category` (`id`, `perm_group_id`, `name`, `short_code`, `enable_view`, `enable_add`, `enable_edit`, `enable_delete`, `created_at`) VALUES (73, 2, 'Search Fees Payment', 'search_fees_payment', 1, 0, 0, 0, '2018-06-22 21:20:27');
INSERT INTO `permission_category` (`id`, `perm_group_id`, `name`, `short_code`, `enable_view`, `enable_add`, `enable_edit`, `enable_delete`, `created_at`) VALUES (74, 2, 'Search Due Fees', 'search_due_fees', 1, 0, 0, 0, '2018-06-22 21:20:35');
INSERT INTO `permission_category` (`id`, `perm_group_id`, `name`, `short_code`, `enable_view`, `enable_add`, `enable_edit`, `enable_delete`, `created_at`) VALUES (75, 2, 'Balance Fees Report', 'balance_fees_report', 1, 0, 0, 0, '2018-06-22 21:18:50');
INSERT INTO `permission_category` (`id`, `perm_group_id`, `name`, `short_code`, `enable_view`, `enable_add`, `enable_edit`, `enable_delete`, `created_at`) VALUES (76, 6, 'Exam Schedule', 'exam_schedule', 1, 1, 1, 0, '2018-06-22 21:25:40');
INSERT INTO `permission_category` (`id`, `perm_group_id`, `name`, `short_code`, `enable_view`, `enable_add`, `enable_edit`, `enable_delete`, `created_at`) VALUES (77, 7, 'Assign Class Teacher', 'assign_class_teacher', 1, 1, 1, 1, '2018-06-22 21:30:52');
INSERT INTO `permission_category` (`id`, `perm_group_id`, `name`, `short_code`, `enable_view`, `enable_add`, `enable_edit`, `enable_delete`, `created_at`) VALUES (78, 17, 'Admission Enquiry', 'admission_enquiry', 1, 1, 1, 1, '2018-06-22 21:51:24');
INSERT INTO `permission_category` (`id`, `perm_group_id`, `name`, `short_code`, `enable_view`, `enable_add`, `enable_edit`, `enable_delete`, `created_at`) VALUES (79, 17, 'Follow Up Admission Enquiry', 'follow_up_admission_enquiry', 1, 1, 0, 1, '2018-06-22 21:51:39');
INSERT INTO `permission_category` (`id`, `perm_group_id`, `name`, `short_code`, `enable_view`, `enable_add`, `enable_edit`, `enable_delete`, `created_at`) VALUES (80, 17, 'Visitor Book', 'visitor_book', 1, 1, 1, 1, '2018-06-22 21:48:58');
INSERT INTO `permission_category` (`id`, `perm_group_id`, `name`, `short_code`, `enable_view`, `enable_add`, `enable_edit`, `enable_delete`, `created_at`) VALUES (81, 17, 'Phone Call Log', 'phone_call_log', 1, 1, 1, 1, '2018-06-22 21:50:57');
INSERT INTO `permission_category` (`id`, `perm_group_id`, `name`, `short_code`, `enable_view`, `enable_add`, `enable_edit`, `enable_delete`, `created_at`) VALUES (82, 17, 'Postal Dispatch', 'postal_dispatch', 1, 1, 1, 1, '2018-06-22 21:50:21');
INSERT INTO `permission_category` (`id`, `perm_group_id`, `name`, `short_code`, `enable_view`, `enable_add`, `enable_edit`, `enable_delete`, `created_at`) VALUES (83, 17, 'Postal Receive', 'postal_receive', 1, 1, 1, 1, '2018-06-22 21:50:04');
INSERT INTO `permission_category` (`id`, `perm_group_id`, `name`, `short_code`, `enable_view`, `enable_add`, `enable_edit`, `enable_delete`, `created_at`) VALUES (84, 17, 'Complain', 'complaint', 1, 1, 1, 1, '2018-07-03 19:40:55');
INSERT INTO `permission_category` (`id`, `perm_group_id`, `name`, `short_code`, `enable_view`, `enable_add`, `enable_edit`, `enable_delete`, `created_at`) VALUES (85, 17, 'Setup Font Office', 'setup_font_office', 1, 1, 1, 1, '2018-06-22 21:49:24');
INSERT INTO `permission_category` (`id`, `perm_group_id`, `name`, `short_code`, `enable_view`, `enable_add`, `enable_edit`, `enable_delete`, `created_at`) VALUES (86, 18, 'Staff', 'staff', 1, 1, 1, 1, '2018-06-22 21:53:31');
INSERT INTO `permission_category` (`id`, `perm_group_id`, `name`, `short_code`, `enable_view`, `enable_add`, `enable_edit`, `enable_delete`, `created_at`) VALUES (87, 18, 'Disable Staff', 'disable_staff', 1, 0, 0, 0, '2018-06-22 21:53:12');
INSERT INTO `permission_category` (`id`, `perm_group_id`, `name`, `short_code`, `enable_view`, `enable_add`, `enable_edit`, `enable_delete`, `created_at`) VALUES (88, 18, 'Staff Attendance', 'staff_attendance', 1, 1, 1, 0, '2018-06-22 21:53:10');
INSERT INTO `permission_category` (`id`, `perm_group_id`, `name`, `short_code`, `enable_view`, `enable_add`, `enable_edit`, `enable_delete`, `created_at`) VALUES (89, 18, 'Staff Attendance Report', 'staff_attendance_report', 1, 0, 0, 0, '2018-06-22 21:52:54');
INSERT INTO `permission_category` (`id`, `perm_group_id`, `name`, `short_code`, `enable_view`, `enable_add`, `enable_edit`, `enable_delete`, `created_at`) VALUES (90, 18, 'Staff Payroll', 'staff_payroll', 1, 1, 0, 1, '2018-06-22 21:52:51');
INSERT INTO `permission_category` (`id`, `perm_group_id`, `name`, `short_code`, `enable_view`, `enable_add`, `enable_edit`, `enable_delete`, `created_at`) VALUES (91, 18, 'Payroll Report', 'payroll_report', 1, 0, 0, 0, '2018-06-22 21:52:34');
INSERT INTO `permission_category` (`id`, `perm_group_id`, `name`, `short_code`, `enable_view`, `enable_add`, `enable_edit`, `enable_delete`, `created_at`) VALUES (93, 19, 'Homework', 'homework', 1, 1, 1, 1, '2018-06-22 21:53:50');
INSERT INTO `permission_category` (`id`, `perm_group_id`, `name`, `short_code`, `enable_view`, `enable_add`, `enable_edit`, `enable_delete`, `created_at`) VALUES (94, 19, 'Homework Evaluation', 'homework_evaluation', 1, 1, 0, 0, '2018-06-27 14:07:21');
INSERT INTO `permission_category` (`id`, `perm_group_id`, `name`, `short_code`, `enable_view`, `enable_add`, `enable_edit`, `enable_delete`, `created_at`) VALUES (95, 19, 'Homework Report', 'homework_report', 1, 0, 0, 0, '2018-06-22 21:53:54');
INSERT INTO `permission_category` (`id`, `perm_group_id`, `name`, `short_code`, `enable_view`, `enable_add`, `enable_edit`, `enable_delete`, `created_at`) VALUES (96, 20, 'Student Certificate', 'student_certificate', 1, 1, 1, 1, '2018-07-06 21:41:07');
INSERT INTO `permission_category` (`id`, `perm_group_id`, `name`, `short_code`, `enable_view`, `enable_add`, `enable_edit`, `enable_delete`, `created_at`) VALUES (97, 20, 'Generate Certificate', 'generate_certificate', 1, 0, 0, 0, '2018-07-06 21:37:16');
INSERT INTO `permission_category` (`id`, `perm_group_id`, `name`, `short_code`, `enable_view`, `enable_add`, `enable_edit`, `enable_delete`, `created_at`) VALUES (98, 20, 'Student ID Card', 'student_id_card', 1, 1, 1, 1, '2018-07-06 21:41:28');
INSERT INTO `permission_category` (`id`, `perm_group_id`, `name`, `short_code`, `enable_view`, `enable_add`, `enable_edit`, `enable_delete`, `created_at`) VALUES (99, 20, 'Generate ID Card', 'generate_id_card', 1, 0, 0, 0, '2018-07-06 21:41:49');
INSERT INTO `permission_category` (`id`, `perm_group_id`, `name`, `short_code`, `enable_view`, `enable_add`, `enable_edit`, `enable_delete`, `created_at`) VALUES (102, 21, 'Calendar To Do List', 'calendar_to_do_list', 1, 1, 1, 1, '2018-06-22 21:54:41');
INSERT INTO `permission_category` (`id`, `perm_group_id`, `name`, `short_code`, `enable_view`, `enable_add`, `enable_edit`, `enable_delete`, `created_at`) VALUES (104, 10, 'Item Category', 'item_category', 1, 1, 1, 1, '2018-06-22 21:34:33');
INSERT INTO `permission_category` (`id`, `perm_group_id`, `name`, `short_code`, `enable_view`, `enable_add`, `enable_edit`, `enable_delete`, `created_at`) VALUES (105, 1, 'Student Parent Login Details', 'student_parent_login_details', 1, 0, 0, 0, '2018-06-22 21:18:01');
INSERT INTO `permission_category` (`id`, `perm_group_id`, `name`, `short_code`, `enable_view`, `enable_add`, `enable_edit`, `enable_delete`, `created_at`) VALUES (106, 22, 'Quick Session Change', 'quick_session_change', 1, 0, 0, 0, '2018-06-22 21:54:45');
INSERT INTO `permission_category` (`id`, `perm_group_id`, `name`, `short_code`, `enable_view`, `enable_add`, `enable_edit`, `enable_delete`, `created_at`) VALUES (107, 1, 'Disable Student', 'disable_student', 1, 0, 0, 0, '2018-06-25 17:21:34');
INSERT INTO `permission_category` (`id`, `perm_group_id`, `name`, `short_code`, `enable_view`, `enable_add`, `enable_edit`, `enable_delete`, `created_at`) VALUES (108, 18, ' Approve Leave Request', 'approve_leave_request', 1, 1, 1, 1, '2018-07-02 21:17:41');
INSERT INTO `permission_category` (`id`, `perm_group_id`, `name`, `short_code`, `enable_view`, `enable_add`, `enable_edit`, `enable_delete`, `created_at`) VALUES (109, 18, 'Apply Leave', 'apply_leave', 1, 1, 1, 1, '2018-06-26 14:53:32');
INSERT INTO `permission_category` (`id`, `perm_group_id`, `name`, `short_code`, `enable_view`, `enable_add`, `enable_edit`, `enable_delete`, `created_at`) VALUES (110, 18, 'Leave Types ', 'leave_types', 1, 1, 1, 1, '2018-07-02 21:17:56');
INSERT INTO `permission_category` (`id`, `perm_group_id`, `name`, `short_code`, `enable_view`, `enable_add`, `enable_edit`, `enable_delete`, `created_at`) VALUES (111, 18, 'Department', 'department', 1, 1, 1, 1, '2018-06-26 14:57:07');
INSERT INTO `permission_category` (`id`, `perm_group_id`, `name`, `short_code`, `enable_view`, `enable_add`, `enable_edit`, `enable_delete`, `created_at`) VALUES (112, 18, 'Designation', 'designation', 1, 1, 1, 1, '2018-06-26 14:57:07');
INSERT INTO `permission_category` (`id`, `perm_group_id`, `name`, `short_code`, `enable_view`, `enable_add`, `enable_edit`, `enable_delete`, `created_at`) VALUES (113, 22, 'Fees Collection And Expense Monthly Chart', 'fees_collection_and_expense_monthly_chart', 1, 0, 0, 0, '2018-07-03 18:08:15');
INSERT INTO `permission_category` (`id`, `perm_group_id`, `name`, `short_code`, `enable_view`, `enable_add`, `enable_edit`, `enable_delete`, `created_at`) VALUES (114, 22, 'Fees Collection And Expense Yearly Chart', 'fees_collection_and_expense_yearly_chart', 1, 0, 0, 0, '2018-07-03 18:08:15');
INSERT INTO `permission_category` (`id`, `perm_group_id`, `name`, `short_code`, `enable_view`, `enable_add`, `enable_edit`, `enable_delete`, `created_at`) VALUES (115, 22, 'Monthly Fees Collection Widget', 'Monthly fees_collection_widget', 1, 0, 0, 0, '2018-07-03 18:13:35');
INSERT INTO `permission_category` (`id`, `perm_group_id`, `name`, `short_code`, `enable_view`, `enable_add`, `enable_edit`, `enable_delete`, `created_at`) VALUES (116, 22, 'Monthly Expense Widget', 'monthly_expense_widget', 1, 0, 0, 0, '2018-07-03 18:13:35');
INSERT INTO `permission_category` (`id`, `perm_group_id`, `name`, `short_code`, `enable_view`, `enable_add`, `enable_edit`, `enable_delete`, `created_at`) VALUES (117, 22, 'Student Count Widget', 'student_count_widget', 1, 0, 0, 0, '2018-07-03 18:13:35');
INSERT INTO `permission_category` (`id`, `perm_group_id`, `name`, `short_code`, `enable_view`, `enable_add`, `enable_edit`, `enable_delete`, `created_at`) VALUES (118, 22, 'Staff Role Count Widget', 'staff_role_count_widget', 1, 0, 0, 0, '2018-07-03 18:13:35');
INSERT INTO `permission_category` (`id`, `perm_group_id`, `name`, `short_code`, `enable_view`, `enable_add`, `enable_edit`, `enable_delete`, `created_at`) VALUES (119, 1, 'Guardian Report', 'guardian_report', 1, 0, 0, 0, '2018-07-03 19:42:29');
INSERT INTO `permission_category` (`id`, `perm_group_id`, `name`, `short_code`, `enable_view`, `enable_add`, `enable_edit`, `enable_delete`, `created_at`) VALUES (120, 1, 'Student History', 'student_history', 1, 0, 0, 0, '2018-07-03 19:42:29');
INSERT INTO `permission_category` (`id`, `perm_group_id`, `name`, `short_code`, `enable_view`, `enable_add`, `enable_edit`, `enable_delete`, `created_at`) VALUES (121, 1, 'Student Login Credential', 'student_login_credential', 1, 0, 0, 0, '2018-07-03 19:42:29');
INSERT INTO `permission_category` (`id`, `perm_group_id`, `name`, `short_code`, `enable_view`, `enable_add`, `enable_edit`, `enable_delete`, `created_at`) VALUES (122, 5, 'Attendance By Date', 'attendance_by_date', 1, 0, 0, 0, '2018-07-03 19:42:29');
INSERT INTO `permission_category` (`id`, `perm_group_id`, `name`, `short_code`, `enable_view`, `enable_add`, `enable_edit`, `enable_delete`, `created_at`) VALUES (123, 9, 'Add Student', 'add_student', 1, 0, 0, 0, '2018-07-03 19:42:29');
INSERT INTO `permission_category` (`id`, `perm_group_id`, `name`, `short_code`, `enable_view`, `enable_add`, `enable_edit`, `enable_delete`, `created_at`) VALUES (124, 11, 'Student Transport Report', 'student_transport_report', 1, 0, 0, 0, '2018-07-03 19:42:29');
INSERT INTO `permission_category` (`id`, `perm_group_id`, `name`, `short_code`, `enable_view`, `enable_add`, `enable_edit`, `enable_delete`, `created_at`) VALUES (125, 12, 'Student Hostel Report', 'student_hostel_report', 1, 0, 0, 0, '2018-07-03 19:42:29');
INSERT INTO `permission_category` (`id`, `perm_group_id`, `name`, `short_code`, `enable_view`, `enable_add`, `enable_edit`, `enable_delete`, `created_at`) VALUES (126, 15, 'User Status', 'user_status', 1, 0, 0, 0, '2018-07-03 19:42:29');
INSERT INTO `permission_category` (`id`, `perm_group_id`, `name`, `short_code`, `enable_view`, `enable_add`, `enable_edit`, `enable_delete`, `created_at`) VALUES (127, 18, 'Can See Other Users Profile', 'can_see_other_users_profile', 1, 0, 0, 0, '2018-07-03 19:42:29');
INSERT INTO `permission_category` (`id`, `perm_group_id`, `name`, `short_code`, `enable_view`, `enable_add`, `enable_edit`, `enable_delete`, `created_at`) VALUES (128, 1, 'Student Timeline', 'student_timeline', 0, 1, 0, 1, '2018-07-05 19:08:52');
INSERT INTO `permission_category` (`id`, `perm_group_id`, `name`, `short_code`, `enable_view`, `enable_add`, `enable_edit`, `enable_delete`, `created_at`) VALUES (129, 18, 'Staff Timeline', 'staff_timeline', 0, 1, 0, 1, '2018-07-05 19:08:52');
INSERT INTO `permission_category` (`id`, `perm_group_id`, `name`, `short_code`, `enable_view`, `enable_add`, `enable_edit`, `enable_delete`, `created_at`) VALUES (130, 15, 'Backup', 'backup', 1, 1, 0, 1, '2018-07-09 15:17:17');
INSERT INTO `permission_category` (`id`, `perm_group_id`, `name`, `short_code`, `enable_view`, `enable_add`, `enable_edit`, `enable_delete`, `created_at`) VALUES (131, 15, 'Restore', 'restore', 1, 0, 0, 0, '2018-07-09 15:17:17');


#
# TABLE STRUCTURE FOR: permission_group
#

DROP TABLE IF EXISTS `permission_group`;

CREATE TABLE `permission_group` (
  `id` int(11) NOT NULL AUTO_INCREMENT,
  `name` varchar(100) DEFAULT NULL,
  `short_code` varchar(100) NOT NULL,
  `is_active` int(11) DEFAULT '0',
  `system` int(11) NOT NULL,
  `created_at` timestamp NOT NULL DEFAULT CURRENT_TIMESTAMP ON UPDATE CURRENT_TIMESTAMP,
  PRIMARY KEY (`id`)
) ENGINE=InnoDB AUTO_INCREMENT=23 DEFAULT CHARSET=utf8;

INSERT INTO `permission_group` (`id`, `name`, `short_code`, `is_active`, `system`, `created_at`) VALUES (1, 'Student Information', 'student_information', 1, 1, '2018-06-27 14:39:31');
INSERT INTO `permission_group` (`id`, `name`, `short_code`, `is_active`, `system`, `created_at`) VALUES (2, 'Fees Collection', 'fees_collection', 1, 0, '2018-07-11 13:49:10');
INSERT INTO `permission_group` (`id`, `name`, `short_code`, `is_active`, `system`, `created_at`) VALUES (3, 'Income', 'income', 1, 0, '2018-06-27 11:49:05');
INSERT INTO `permission_group` (`id`, `name`, `short_code`, `is_active`, `system`, `created_at`) VALUES (4, 'Expense', 'expense', 1, 0, '2018-07-04 12:37:33');
INSERT INTO `permission_group` (`id`, `name`, `short_code`, `is_active`, `system`, `created_at`) VALUES (5, 'Student Attendance', 'student_attendance', 1, 0, '2018-07-02 18:48:08');
INSERT INTO `permission_group` (`id`, `name`, `short_code`, `is_active`, `system`, `created_at`) VALUES (6, 'Examination', 'examination', 1, 0, '2018-07-11 13:49:08');
INSERT INTO `permission_group` (`id`, `name`, `short_code`, `is_active`, `system`, `created_at`) VALUES (7, 'Academics', 'academics', 1, 1, '2018-07-02 18:25:43');
INSERT INTO `permission_group` (`id`, `name`, `short_code`, `is_active`, `system`, `created_at`) VALUES (8, 'Download Center', 'download_center', 1, 0, '2018-07-02 18:49:29');
INSERT INTO `permission_group` (`id`, `name`, `short_code`, `is_active`, `system`, `created_at`) VALUES (9, 'Library', 'library', 1, 0, '2018-06-28 22:13:14');
INSERT INTO `permission_group` (`id`, `name`, `short_code`, `is_active`, `system`, `created_at`) VALUES (10, 'Inventory', 'inventory', 1, 0, '2018-06-27 11:48:58');
INSERT INTO `permission_group` (`id`, `name`, `short_code`, `is_active`, `system`, `created_at`) VALUES (11, 'Transport', 'transport', 1, 0, '2018-06-27 18:51:26');
INSERT INTO `permission_group` (`id`, `name`, `short_code`, `is_active`, `system`, `created_at`) VALUES (12, 'Hostel', 'hostel', 1, 0, '2018-07-02 18:49:32');
INSERT INTO `permission_group` (`id`, `name`, `short_code`, `is_active`, `system`, `created_at`) VALUES (13, 'Communicate', 'communicate', 1, 0, '2018-07-02 18:50:00');
INSERT INTO `permission_group` (`id`, `name`, `short_code`, `is_active`, `system`, `created_at`) VALUES (14, 'Reports', 'reports', 1, 1, '2018-06-27 14:40:22');
INSERT INTO `permission_group` (`id`, `name`, `short_code`, `is_active`, `system`, `created_at`) VALUES (15, 'System Settings', 'system_settings', 1, 1, '2018-06-27 14:40:28');
INSERT INTO `permission_group` (`id`, `name`, `short_code`, `is_active`, `system`, `created_at`) VALUES (16, 'Front CMS', 'front_cms', 1, 0, '2018-07-10 16:16:54');
INSERT INTO `permission_group` (`id`, `name`, `short_code`, `is_active`, `system`, `created_at`) VALUES (17, 'Front Office', 'front_office', 1, 0, '2018-06-27 14:45:30');
INSERT INTO `permission_group` (`id`, `name`, `short_code`, `is_active`, `system`, `created_at`) VALUES (18, 'Human Resource', 'human_resource', 1, 1, '2018-06-27 14:41:02');
INSERT INTO `permission_group` (`id`, `name`, `short_code`, `is_active`, `system`, `created_at`) VALUES (19, 'Homework', 'homework', 1, 0, '2018-06-27 11:49:38');
INSERT INTO `permission_group` (`id`, `name`, `short_code`, `is_active`, `system`, `created_at`) VALUES (20, 'Certificate', 'certificate', 1, 0, '2018-06-27 18:51:29');
INSERT INTO `permission_group` (`id`, `name`, `short_code`, `is_active`, `system`, `created_at`) VALUES (21, 'Calendar To Do List', 'calendar_to_do_list', 1, 0, '2018-06-27 14:42:25');
INSERT INTO `permission_group` (`id`, `name`, `short_code`, `is_active`, `system`, `created_at`) VALUES (22, 'Dashboard and Widgets', 'dashboard_and_widgets', 1, 1, '2018-06-27 14:41:17');


#
# TABLE STRUCTURE FOR: read_notification
#

DROP TABLE IF EXISTS `read_notification`;

CREATE TABLE `read_notification` (
  `id` int(11) NOT NULL AUTO_INCREMENT,
  `student_id` int(11) DEFAULT NULL,
  `parent_id` int(10) DEFAULT NULL,
  `staff_id` int(11) DEFAULT NULL,
  `notification_id` int(11) DEFAULT NULL,
  `is_active` varchar(255) DEFAULT 'no',
  `created_at` timestamp NOT NULL DEFAULT CURRENT_TIMESTAMP ON UPDATE CURRENT_TIMESTAMP,
  `updated_at` timestamp NOT NULL DEFAULT '0000-00-00 00:00:00',
  PRIMARY KEY (`id`)
) ENGINE=InnoDB DEFAULT CHARSET=utf8;

#
# TABLE STRUCTURE FOR: reference
#

DROP TABLE IF EXISTS `reference`;

CREATE TABLE `reference` (
  `id` int(11) NOT NULL AUTO_INCREMENT,
  `reference` varchar(100) NOT NULL,
  `description` mediumtext NOT NULL,
  PRIMARY KEY (`id`)
) ENGINE=InnoDB AUTO_INCREMENT=2 DEFAULT CHARSET=utf8;

INSERT INTO `reference` (`id`, `reference`, `description`) VALUES (1, 'Friends', 'abc');


#
# TABLE STRUCTURE FOR: roles
#

DROP TABLE IF EXISTS `roles`;

CREATE TABLE `roles` (
  `id` int(11) NOT NULL AUTO_INCREMENT,
  `name` varchar(100) DEFAULT NULL,
  `slug` varchar(150) DEFAULT NULL,
  `is_active` int(11) DEFAULT '0',
  `is_system` int(1) NOT NULL DEFAULT '0',
  `is_superadmin` int(11) NOT NULL DEFAULT '0',
  `created_at` timestamp NOT NULL DEFAULT CURRENT_TIMESTAMP ON UPDATE CURRENT_TIMESTAMP,
  `updated_at` timestamp NOT NULL DEFAULT '0000-00-00 00:00:00',
  PRIMARY KEY (`id`)
) ENGINE=InnoDB AUTO_INCREMENT=8 DEFAULT CHARSET=utf8;

INSERT INTO `roles` (`id`, `name`, `slug`, `is_active`, `is_system`, `is_superadmin`, `created_at`, `updated_at`) VALUES (1, 'Admin', NULL, 0, 1, 0, '2018-06-30 21:09:11', '0000-00-00 00:00:00');
INSERT INTO `roles` (`id`, `name`, `slug`, `is_active`, `is_system`, `is_superadmin`, `created_at`, `updated_at`) VALUES (2, 'Teacher', NULL, 0, 1, 0, '2018-06-30 21:09:14', '0000-00-00 00:00:00');
INSERT INTO `roles` (`id`, `name`, `slug`, `is_active`, `is_system`, `is_superadmin`, `created_at`, `updated_at`) VALUES (3, 'Accountant', NULL, 0, 1, 0, '2018-06-30 21:09:17', '0000-00-00 00:00:00');
INSERT INTO `roles` (`id`, `name`, `slug`, `is_active`, `is_system`, `is_superadmin`, `created_at`, `updated_at`) VALUES (4, 'Librarian', NULL, 0, 1, 0, '2018-06-30 21:09:21', '0000-00-00 00:00:00');
INSERT INTO `roles` (`id`, `name`, `slug`, `is_active`, `is_system`, `is_superadmin`, `created_at`, `updated_at`) VALUES (6, 'Receptionist', NULL, 0, 1, 0, '2018-07-02 11:09:03', '0000-00-00 00:00:00');
INSERT INTO `roles` (`id`, `name`, `slug`, `is_active`, `is_system`, `is_superadmin`, `created_at`, `updated_at`) VALUES (7, 'Super Admin', NULL, 0, 1, 1, '2018-07-11 19:41:29', '0000-00-00 00:00:00');


#
# TABLE STRUCTURE FOR: roles_permissions
#

DROP TABLE IF EXISTS `roles_permissions`;

CREATE TABLE `roles_permissions` (
  `id` int(11) NOT NULL AUTO_INCREMENT,
  `role_id` int(11) DEFAULT NULL,
  `perm_cat_id` int(11) DEFAULT NULL,
  `can_view` int(11) DEFAULT NULL,
  `can_add` int(11) DEFAULT NULL,
  `can_edit` int(11) DEFAULT NULL,
  `can_delete` int(11) DEFAULT NULL,
  `created_at` timestamp NOT NULL DEFAULT CURRENT_TIMESTAMP ON UPDATE CURRENT_TIMESTAMP,
  PRIMARY KEY (`id`)
) ENGINE=InnoDB AUTO_INCREMENT=637 DEFAULT CHARSET=utf8;

INSERT INTO `roles_permissions` (`id`, `role_id`, `perm_cat_id`, `can_view`, `can_add`, `can_edit`, `can_delete`, `created_at`) VALUES (3, 1, 3, 1, 1, 1, 1, '2018-07-06 20:42:08');
INSERT INTO `roles_permissions` (`id`, `role_id`, `perm_cat_id`, `can_view`, `can_add`, `can_edit`, `can_delete`, `created_at`) VALUES (4, 1, 4, 1, 1, 1, 1, '2018-07-06 20:43:01');
INSERT INTO `roles_permissions` (`id`, `role_id`, `perm_cat_id`, `can_view`, `can_add`, `can_edit`, `can_delete`, `created_at`) VALUES (6, 1, 5, 1, 1, 0, 1, '2018-07-02 22:19:46');
INSERT INTO `roles_permissions` (`id`, `role_id`, `perm_cat_id`, `can_view`, `can_add`, `can_edit`, `can_delete`, `created_at`) VALUES (8, 1, 7, 1, 1, 1, 1, '2018-07-06 20:43:29');
INSERT INTO `roles_permissions` (`id`, `role_id`, `perm_cat_id`, `can_view`, `can_add`, `can_edit`, `can_delete`, `created_at`) VALUES (9, 1, 8, 1, 1, 1, 1, '2018-07-06 20:43:53');
INSERT INTO `roles_permissions` (`id`, `role_id`, `perm_cat_id`, `can_view`, `can_add`, `can_edit`, `can_delete`, `created_at`) VALUES (10, 1, 17, 1, 1, 1, 1, '2018-07-06 20:48:56');
INSERT INTO `roles_permissions` (`id`, `role_id`, `perm_cat_id`, `can_view`, `can_add`, `can_edit`, `can_delete`, `created_at`) VALUES (11, 1, 78, 1, 1, 1, 1, '2018-07-03 11:49:43');
INSERT INTO `roles_permissions` (`id`, `role_id`, `perm_cat_id`, `can_view`, `can_add`, `can_edit`, `can_delete`, `created_at`) VALUES (13, 1, 69, 1, 1, 1, 1, '2018-07-06 20:44:15');
INSERT INTO `roles_permissions` (`id`, `role_id`, `perm_cat_id`, `can_view`, `can_add`, `can_edit`, `can_delete`, `created_at`) VALUES (14, 1, 70, 1, 1, 1, 1, '2018-07-06 20:44:39');
INSERT INTO `roles_permissions` (`id`, `role_id`, `perm_cat_id`, `can_view`, `can_add`, `can_edit`, `can_delete`, `created_at`) VALUES (23, 1, 12, 1, 1, 1, 1, '2018-07-06 20:45:38');
INSERT INTO `roles_permissions` (`id`, `role_id`, `perm_cat_id`, `can_view`, `can_add`, `can_edit`, `can_delete`, `created_at`) VALUES (24, 1, 13, 1, 1, 1, 1, '2018-07-06 20:48:28');
INSERT INTO `roles_permissions` (`id`, `role_id`, `perm_cat_id`, `can_view`, `can_add`, `can_edit`, `can_delete`, `created_at`) VALUES (26, 1, 15, 1, 1, 1, 0, '2018-07-02 22:24:21');
INSERT INTO `roles_permissions` (`id`, `role_id`, `perm_cat_id`, `can_view`, `can_add`, `can_edit`, `can_delete`, `created_at`) VALUES (28, 1, 19, 1, 1, 1, 0, '2018-07-02 22:31:10');
INSERT INTO `roles_permissions` (`id`, `role_id`, `perm_cat_id`, `can_view`, `can_add`, `can_edit`, `can_delete`, `created_at`) VALUES (29, 1, 20, 1, 1, 1, 1, '2018-07-06 20:49:50');
INSERT INTO `roles_permissions` (`id`, `role_id`, `perm_cat_id`, `can_view`, `can_add`, `can_edit`, `can_delete`, `created_at`) VALUES (30, 1, 76, 1, 1, 1, 0, '2018-07-02 22:31:10');
INSERT INTO `roles_permissions` (`id`, `role_id`, `perm_cat_id`, `can_view`, `can_add`, `can_edit`, `can_delete`, `created_at`) VALUES (31, 1, 21, 1, 1, 1, 0, '2018-07-02 22:31:38');
INSERT INTO `roles_permissions` (`id`, `role_id`, `perm_cat_id`, `can_view`, `can_add`, `can_edit`, `can_delete`, `created_at`) VALUES (32, 1, 22, 1, 1, 1, 1, '2018-07-02 22:32:05');
INSERT INTO `roles_permissions` (`id`, `role_id`, `perm_cat_id`, `can_view`, `can_add`, `can_edit`, `can_delete`, `created_at`) VALUES (33, 1, 23, 1, 1, 1, 1, '2018-07-06 20:50:17');
INSERT INTO `roles_permissions` (`id`, `role_id`, `perm_cat_id`, `can_view`, `can_add`, `can_edit`, `can_delete`, `created_at`) VALUES (34, 1, 24, 1, 1, 1, 1, '2018-07-06 20:50:39');
INSERT INTO `roles_permissions` (`id`, `role_id`, `perm_cat_id`, `can_view`, `can_add`, `can_edit`, `can_delete`, `created_at`) VALUES (35, 1, 25, 1, 1, 1, 1, '2018-07-06 20:52:35');
INSERT INTO `roles_permissions` (`id`, `role_id`, `perm_cat_id`, `can_view`, `can_add`, `can_edit`, `can_delete`, `created_at`) VALUES (37, 1, 77, 1, 1, 1, 1, '2018-07-06 20:49:50');
INSERT INTO `roles_permissions` (`id`, `role_id`, `perm_cat_id`, `can_view`, `can_add`, `can_edit`, `can_delete`, `created_at`) VALUES (43, 1, 32, 1, 1, 1, 1, '2018-07-06 21:22:05');
INSERT INTO `roles_permissions` (`id`, `role_id`, `perm_cat_id`, `can_view`, `can_add`, `can_edit`, `can_delete`, `created_at`) VALUES (44, 1, 33, 1, 1, 1, 1, '2018-07-06 21:22:29');
INSERT INTO `roles_permissions` (`id`, `role_id`, `perm_cat_id`, `can_view`, `can_add`, `can_edit`, `can_delete`, `created_at`) VALUES (45, 1, 34, 1, 1, 1, 1, '2018-07-06 21:23:59');
INSERT INTO `roles_permissions` (`id`, `role_id`, `perm_cat_id`, `can_view`, `can_add`, `can_edit`, `can_delete`, `created_at`) VALUES (46, 1, 35, 1, 1, 1, 1, '2018-07-06 21:24:34');
INSERT INTO `roles_permissions` (`id`, `role_id`, `perm_cat_id`, `can_view`, `can_add`, `can_edit`, `can_delete`, `created_at`) VALUES (47, 1, 104, 1, 1, 1, 1, '2018-07-06 21:23:08');
INSERT INTO `roles_permissions` (`id`, `role_id`, `perm_cat_id`, `can_view`, `can_add`, `can_edit`, `can_delete`, `created_at`) VALUES (48, 1, 37, 1, 1, 1, 1, '2018-07-06 21:25:30');
INSERT INTO `roles_permissions` (`id`, `role_id`, `perm_cat_id`, `can_view`, `can_add`, `can_edit`, `can_delete`, `created_at`) VALUES (49, 1, 38, 1, 1, 1, 1, '2018-07-09 16:15:27');
INSERT INTO `roles_permissions` (`id`, `role_id`, `perm_cat_id`, `can_view`, `can_add`, `can_edit`, `can_delete`, `created_at`) VALUES (53, 1, 43, 1, 1, 1, 1, '2018-07-10 20:30:31');
INSERT INTO `roles_permissions` (`id`, `role_id`, `perm_cat_id`, `can_view`, `can_add`, `can_edit`, `can_delete`, `created_at`) VALUES (58, 1, 52, 1, 1, 0, 1, '2018-07-09 14:19:43');
INSERT INTO `roles_permissions` (`id`, `role_id`, `perm_cat_id`, `can_view`, `can_add`, `can_edit`, `can_delete`, `created_at`) VALUES (61, 1, 55, 1, 1, 1, 1, '2018-07-02 20:24:16');
INSERT INTO `roles_permissions` (`id`, `role_id`, `perm_cat_id`, `can_view`, `can_add`, `can_edit`, `can_delete`, `created_at`) VALUES (67, 1, 61, 1, 1, 0, 1, '2018-07-09 16:59:19');
INSERT INTO `roles_permissions` (`id`, `role_id`, `perm_cat_id`, `can_view`, `can_add`, `can_edit`, `can_delete`, `created_at`) VALUES (68, 1, 62, 1, 1, 0, 1, '2018-07-09 16:59:19');
INSERT INTO `roles_permissions` (`id`, `role_id`, `perm_cat_id`, `can_view`, `can_add`, `can_edit`, `can_delete`, `created_at`) VALUES (69, 1, 63, 1, 1, 0, 1, '2018-07-09 14:51:38');
INSERT INTO `roles_permissions` (`id`, `role_id`, `perm_cat_id`, `can_view`, `can_add`, `can_edit`, `can_delete`, `created_at`) VALUES (70, 1, 64, 1, 1, 1, 1, '2018-07-09 14:02:19');
INSERT INTO `roles_permissions` (`id`, `role_id`, `perm_cat_id`, `can_view`, `can_add`, `can_edit`, `can_delete`, `created_at`) VALUES (71, 1, 65, 1, 1, 1, 1, '2018-07-09 14:11:21');
INSERT INTO `roles_permissions` (`id`, `role_id`, `perm_cat_id`, `can_view`, `can_add`, `can_edit`, `can_delete`, `created_at`) VALUES (72, 1, 66, 1, 1, 1, 1, '2018-07-09 14:13:09');
INSERT INTO `roles_permissions` (`id`, `role_id`, `perm_cat_id`, `can_view`, `can_add`, `can_edit`, `can_delete`, `created_at`) VALUES (73, 1, 67, 1, 1, 1, 1, '2018-07-09 14:14:47');
INSERT INTO `roles_permissions` (`id`, `role_id`, `perm_cat_id`, `can_view`, `can_add`, `can_edit`, `can_delete`, `created_at`) VALUES (74, 1, 79, 1, 1, 0, 1, '2018-07-02 23:04:53');
INSERT INTO `roles_permissions` (`id`, `role_id`, `perm_cat_id`, `can_view`, `can_add`, `can_edit`, `can_delete`, `created_at`) VALUES (75, 1, 80, 1, 1, 1, 1, '2018-07-06 20:41:23');
INSERT INTO `roles_permissions` (`id`, `role_id`, `perm_cat_id`, `can_view`, `can_add`, `can_edit`, `can_delete`, `created_at`) VALUES (76, 1, 81, 1, 1, 1, 1, '2018-07-06 20:41:23');
INSERT INTO `roles_permissions` (`id`, `role_id`, `perm_cat_id`, `can_view`, `can_add`, `can_edit`, `can_delete`, `created_at`) VALUES (78, 1, 83, 1, 1, 1, 1, '2018-07-06 20:41:23');
INSERT INTO `roles_permissions` (`id`, `role_id`, `perm_cat_id`, `can_view`, `can_add`, `can_edit`, `can_delete`, `created_at`) VALUES (79, 1, 84, 1, 1, 1, 1, '2018-07-06 20:41:23');
INSERT INTO `roles_permissions` (`id`, `role_id`, `perm_cat_id`, `can_view`, `can_add`, `can_edit`, `can_delete`, `created_at`) VALUES (80, 1, 85, 1, 1, 1, 1, '2018-07-12 11:16:00');
INSERT INTO `roles_permissions` (`id`, `role_id`, `perm_cat_id`, `can_view`, `can_add`, `can_edit`, `can_delete`, `created_at`) VALUES (83, 1, 88, 1, 1, 1, 0, '2018-07-03 23:04:20');
INSERT INTO `roles_permissions` (`id`, `role_id`, `perm_cat_id`, `can_view`, `can_add`, `can_edit`, `can_delete`, `created_at`) VALUES (87, 1, 92, 1, 1, 1, 1, '2018-06-26 14:33:43');
INSERT INTO `roles_permissions` (`id`, `role_id`, `perm_cat_id`, `can_view`, `can_add`, `can_edit`, `can_delete`, `created_at`) VALUES (88, 1, 93, 1, 1, 1, 1, '2018-07-09 12:24:20');
INSERT INTO `roles_permissions` (`id`, `role_id`, `perm_cat_id`, `can_view`, `can_add`, `can_edit`, `can_delete`, `created_at`) VALUES (94, 1, 82, 1, 1, 1, 1, '2018-07-06 20:41:23');
INSERT INTO `roles_permissions` (`id`, `role_id`, `perm_cat_id`, `can_view`, `can_add`, `can_edit`, `can_delete`, `created_at`) VALUES (120, 1, 39, 1, 1, 1, 1, '2018-07-06 21:26:28');
INSERT INTO `roles_permissions` (`id`, `role_id`, `perm_cat_id`, `can_view`, `can_add`, `can_edit`, `can_delete`, `created_at`) VALUES (140, 1, 110, 1, 1, 1, 1, '2018-07-06 20:55:08');
INSERT INTO `roles_permissions` (`id`, `role_id`, `perm_cat_id`, `can_view`, `can_add`, `can_edit`, `can_delete`, `created_at`) VALUES (141, 1, 111, 1, 1, 1, 1, '2018-07-06 20:56:28');
INSERT INTO `roles_permissions` (`id`, `role_id`, `perm_cat_id`, `can_view`, `can_add`, `can_edit`, `can_delete`, `created_at`) VALUES (142, 1, 112, 1, 1, 1, 1, '2018-07-06 20:56:28');
INSERT INTO `roles_permissions` (`id`, `role_id`, `perm_cat_id`, `can_view`, `can_add`, `can_edit`, `can_delete`, `created_at`) VALUES (145, 1, 94, 1, 1, 0, 0, '2018-07-09 12:20:40');
INSERT INTO `roles_permissions` (`id`, `role_id`, `perm_cat_id`, `can_view`, `can_add`, `can_edit`, `can_delete`, `created_at`) VALUES (147, 2, 43, 1, 1, 1, 1, '2018-06-30 18:46:24');
INSERT INTO `roles_permissions` (`id`, `role_id`, `perm_cat_id`, `can_view`, `can_add`, `can_edit`, `can_delete`, `created_at`) VALUES (148, 2, 44, 1, 0, 0, 0, '2018-06-27 22:17:09');
INSERT INTO `roles_permissions` (`id`, `role_id`, `perm_cat_id`, `can_view`, `can_add`, `can_edit`, `can_delete`, `created_at`) VALUES (149, 2, 46, 1, 0, 0, 0, '2018-06-28 11:26:41');
INSERT INTO `roles_permissions` (`id`, `role_id`, `perm_cat_id`, `can_view`, `can_add`, `can_edit`, `can_delete`, `created_at`) VALUES (156, 1, 9, 1, 1, 1, 1, '2018-07-06 20:44:53');
INSERT INTO `roles_permissions` (`id`, `role_id`, `perm_cat_id`, `can_view`, `can_add`, `can_edit`, `can_delete`, `created_at`) VALUES (157, 1, 10, 1, 1, 1, 1, '2018-07-06 20:45:12');
INSERT INTO `roles_permissions` (`id`, `role_id`, `perm_cat_id`, `can_view`, `can_add`, `can_edit`, `can_delete`, `created_at`) VALUES (159, 1, 40, 1, 1, 1, 1, '2018-07-09 16:09:40');
INSERT INTO `roles_permissions` (`id`, `role_id`, `perm_cat_id`, `can_view`, `can_add`, `can_edit`, `can_delete`, `created_at`) VALUES (160, 1, 41, 1, 1, 1, 1, '2018-07-06 21:27:09');
INSERT INTO `roles_permissions` (`id`, `role_id`, `perm_cat_id`, `can_view`, `can_add`, `can_edit`, `can_delete`, `created_at`) VALUES (161, 1, 42, 1, 1, 1, 1, '2018-07-09 16:13:14');
INSERT INTO `roles_permissions` (`id`, `role_id`, `perm_cat_id`, `can_view`, `can_add`, `can_edit`, `can_delete`, `created_at`) VALUES (169, 1, 27, 1, 1, 0, 1, '2018-07-02 22:36:58');
INSERT INTO `roles_permissions` (`id`, `role_id`, `perm_cat_id`, `can_view`, `can_add`, `can_edit`, `can_delete`, `created_at`) VALUES (178, 1, 54, 1, 0, 1, 0, '2018-07-05 20:09:22');
INSERT INTO `roles_permissions` (`id`, `role_id`, `perm_cat_id`, `can_view`, `can_add`, `can_edit`, `can_delete`, `created_at`) VALUES (179, 1, 56, 1, 0, 1, 0, '2018-07-05 20:09:22');
INSERT INTO `roles_permissions` (`id`, `role_id`, `perm_cat_id`, `can_view`, `can_add`, `can_edit`, `can_delete`, `created_at`) VALUES (180, 1, 57, 1, 0, 1, 0, '2018-07-05 20:09:22');
INSERT INTO `roles_permissions` (`id`, `role_id`, `perm_cat_id`, `can_view`, `can_add`, `can_edit`, `can_delete`, `created_at`) VALUES (181, 1, 58, 1, 0, 1, 0, '2018-07-05 20:09:22');
INSERT INTO `roles_permissions` (`id`, `role_id`, `perm_cat_id`, `can_view`, `can_add`, `can_edit`, `can_delete`, `created_at`) VALUES (182, 1, 59, 1, 0, 1, 0, '2018-07-05 20:09:22');
INSERT INTO `roles_permissions` (`id`, `role_id`, `perm_cat_id`, `can_view`, `can_add`, `can_edit`, `can_delete`, `created_at`) VALUES (183, 1, 60, 1, 0, 1, 0, '2018-07-05 20:09:22');
INSERT INTO `roles_permissions` (`id`, `role_id`, `perm_cat_id`, `can_view`, `can_add`, `can_edit`, `can_delete`, `created_at`) VALUES (190, 1, 105, 1, 0, 0, 0, '2018-07-02 22:13:25');
INSERT INTO `roles_permissions` (`id`, `role_id`, `perm_cat_id`, `can_view`, `can_add`, `can_edit`, `can_delete`, `created_at`) VALUES (193, 1, 6, 1, 0, 0, 0, '2018-07-02 22:19:46');
INSERT INTO `roles_permissions` (`id`, `role_id`, `perm_cat_id`, `can_view`, `can_add`, `can_edit`, `can_delete`, `created_at`) VALUES (194, 1, 68, 1, 0, 0, 0, '2018-07-02 22:19:46');
INSERT INTO `roles_permissions` (`id`, `role_id`, `perm_cat_id`, `can_view`, `can_add`, `can_edit`, `can_delete`, `created_at`) VALUES (196, 1, 72, 1, 0, 0, 0, '2018-07-02 22:19:46');
INSERT INTO `roles_permissions` (`id`, `role_id`, `perm_cat_id`, `can_view`, `can_add`, `can_edit`, `can_delete`, `created_at`) VALUES (197, 1, 73, 1, 0, 0, 0, '2018-07-02 22:19:46');
INSERT INTO `roles_permissions` (`id`, `role_id`, `perm_cat_id`, `can_view`, `can_add`, `can_edit`, `can_delete`, `created_at`) VALUES (198, 1, 74, 1, 0, 0, 0, '2018-07-02 22:19:46');
INSERT INTO `roles_permissions` (`id`, `role_id`, `perm_cat_id`, `can_view`, `can_add`, `can_edit`, `can_delete`, `created_at`) VALUES (199, 1, 75, 1, 0, 0, 0, '2018-07-02 22:19:46');
INSERT INTO `roles_permissions` (`id`, `role_id`, `perm_cat_id`, `can_view`, `can_add`, `can_edit`, `can_delete`, `created_at`) VALUES (201, 1, 14, 1, 0, 0, 0, '2018-07-02 22:22:03');
INSERT INTO `roles_permissions` (`id`, `role_id`, `perm_cat_id`, `can_view`, `can_add`, `can_edit`, `can_delete`, `created_at`) VALUES (203, 1, 16, 1, 0, 0, 0, '2018-07-02 22:24:21');
INSERT INTO `roles_permissions` (`id`, `role_id`, `perm_cat_id`, `can_view`, `can_add`, `can_edit`, `can_delete`, `created_at`) VALUES (204, 1, 26, 1, 0, 0, 0, '2018-07-02 22:32:05');
INSERT INTO `roles_permissions` (`id`, `role_id`, `perm_cat_id`, `can_view`, `can_add`, `can_edit`, `can_delete`, `created_at`) VALUES (206, 1, 29, 1, 0, 0, 0, '2018-07-02 22:43:54');
INSERT INTO `roles_permissions` (`id`, `role_id`, `perm_cat_id`, `can_view`, `can_add`, `can_edit`, `can_delete`, `created_at`) VALUES (207, 1, 30, 1, 0, 0, 0, '2018-07-02 22:43:54');
INSERT INTO `roles_permissions` (`id`, `role_id`, `perm_cat_id`, `can_view`, `can_add`, `can_edit`, `can_delete`, `created_at`) VALUES (208, 1, 31, 1, 0, 0, 0, '2018-07-02 22:45:36');
INSERT INTO `roles_permissions` (`id`, `role_id`, `perm_cat_id`, `can_view`, `can_add`, `can_edit`, `can_delete`, `created_at`) VALUES (215, 1, 50, 1, 0, 0, 0, '2018-07-02 23:04:53');
INSERT INTO `roles_permissions` (`id`, `role_id`, `perm_cat_id`, `can_view`, `can_add`, `can_edit`, `can_delete`, `created_at`) VALUES (216, 1, 51, 1, 0, 0, 0, '2018-07-02 23:04:53');
INSERT INTO `roles_permissions` (`id`, `role_id`, `perm_cat_id`, `can_view`, `can_add`, `can_edit`, `can_delete`, `created_at`) VALUES (222, 1, 1, 1, 1, 1, 1, '2018-07-10 20:30:31');
INSERT INTO `roles_permissions` (`id`, `role_id`, `perm_cat_id`, `can_view`, `can_add`, `can_edit`, `can_delete`, `created_at`) VALUES (225, 1, 108, 1, 1, 1, 1, '2018-07-09 13:17:26');
INSERT INTO `roles_permissions` (`id`, `role_id`, `perm_cat_id`, `can_view`, `can_add`, `can_edit`, `can_delete`, `created_at`) VALUES (227, 1, 91, 1, 0, 0, 0, '2018-07-03 12:49:27');
INSERT INTO `roles_permissions` (`id`, `role_id`, `perm_cat_id`, `can_view`, `can_add`, `can_edit`, `can_delete`, `created_at`) VALUES (229, 1, 89, 1, 0, 0, 0, '2018-07-03 13:00:53');
INSERT INTO `roles_permissions` (`id`, `role_id`, `perm_cat_id`, `can_view`, `can_add`, `can_edit`, `can_delete`, `created_at`) VALUES (230, 10, 53, 0, 1, 0, 0, '2018-07-03 14:52:55');
INSERT INTO `roles_permissions` (`id`, `role_id`, `perm_cat_id`, `can_view`, `can_add`, `can_edit`, `can_delete`, `created_at`) VALUES (231, 10, 54, 0, 0, 1, 0, '2018-07-03 14:52:55');
INSERT INTO `roles_permissions` (`id`, `role_id`, `perm_cat_id`, `can_view`, `can_add`, `can_edit`, `can_delete`, `created_at`) VALUES (232, 10, 55, 1, 1, 1, 1, '2018-07-03 14:58:42');
INSERT INTO `roles_permissions` (`id`, `role_id`, `perm_cat_id`, `can_view`, `can_add`, `can_edit`, `can_delete`, `created_at`) VALUES (233, 10, 56, 0, 0, 1, 0, '2018-07-03 14:52:55');
INSERT INTO `roles_permissions` (`id`, `role_id`, `perm_cat_id`, `can_view`, `can_add`, `can_edit`, `can_delete`, `created_at`) VALUES (235, 10, 58, 0, 0, 1, 0, '2018-07-03 14:52:55');
INSERT INTO `roles_permissions` (`id`, `role_id`, `perm_cat_id`, `can_view`, `can_add`, `can_edit`, `can_delete`, `created_at`) VALUES (236, 10, 59, 0, 0, 1, 0, '2018-07-03 14:52:55');
INSERT INTO `roles_permissions` (`id`, `role_id`, `perm_cat_id`, `can_view`, `can_add`, `can_edit`, `can_delete`, `created_at`) VALUES (239, 10, 1, 1, 1, 1, 1, '2018-07-03 15:16:43');
INSERT INTO `roles_permissions` (`id`, `role_id`, `perm_cat_id`, `can_view`, `can_add`, `can_edit`, `can_delete`, `created_at`) VALUES (241, 10, 3, 1, 0, 0, 0, '2018-07-03 15:23:56');
INSERT INTO `roles_permissions` (`id`, `role_id`, `perm_cat_id`, `can_view`, `can_add`, `can_edit`, `can_delete`, `created_at`) VALUES (242, 10, 2, 1, 0, 0, 0, '2018-07-03 15:24:39');
INSERT INTO `roles_permissions` (`id`, `role_id`, `perm_cat_id`, `can_view`, `can_add`, `can_edit`, `can_delete`, `created_at`) VALUES (243, 10, 4, 1, 0, 1, 1, '2018-07-03 15:31:24');
INSERT INTO `roles_permissions` (`id`, `role_id`, `perm_cat_id`, `can_view`, `can_add`, `can_edit`, `can_delete`, `created_at`) VALUES (245, 10, 107, 1, 0, 0, 0, '2018-07-03 15:36:41');
INSERT INTO `roles_permissions` (`id`, `role_id`, `perm_cat_id`, `can_view`, `can_add`, `can_edit`, `can_delete`, `created_at`) VALUES (246, 10, 5, 1, 1, 0, 1, '2018-07-03 15:38:18');
INSERT INTO `roles_permissions` (`id`, `role_id`, `perm_cat_id`, `can_view`, `can_add`, `can_edit`, `can_delete`, `created_at`) VALUES (247, 10, 7, 1, 1, 1, 1, '2018-07-03 15:42:07');
INSERT INTO `roles_permissions` (`id`, `role_id`, `perm_cat_id`, `can_view`, `can_add`, `can_edit`, `can_delete`, `created_at`) VALUES (248, 10, 68, 1, 0, 0, 0, '2018-07-03 15:42:53');
INSERT INTO `roles_permissions` (`id`, `role_id`, `perm_cat_id`, `can_view`, `can_add`, `can_edit`, `can_delete`, `created_at`) VALUES (249, 10, 69, 1, 1, 1, 1, '2018-07-03 15:49:46');
INSERT INTO `roles_permissions` (`id`, `role_id`, `perm_cat_id`, `can_view`, `can_add`, `can_edit`, `can_delete`, `created_at`) VALUES (250, 10, 70, 1, 0, 0, 1, '2018-07-03 15:52:40');
INSERT INTO `roles_permissions` (`id`, `role_id`, `perm_cat_id`, `can_view`, `can_add`, `can_edit`, `can_delete`, `created_at`) VALUES (251, 10, 72, 1, 0, 0, 0, '2018-07-03 15:56:46');
INSERT INTO `roles_permissions` (`id`, `role_id`, `perm_cat_id`, `can_view`, `can_add`, `can_edit`, `can_delete`, `created_at`) VALUES (252, 10, 73, 1, 0, 0, 0, '2018-07-03 15:56:46');
INSERT INTO `roles_permissions` (`id`, `role_id`, `perm_cat_id`, `can_view`, `can_add`, `can_edit`, `can_delete`, `created_at`) VALUES (253, 10, 74, 1, 0, 0, 0, '2018-07-03 15:58:34');
INSERT INTO `roles_permissions` (`id`, `role_id`, `perm_cat_id`, `can_view`, `can_add`, `can_edit`, `can_delete`, `created_at`) VALUES (254, 10, 75, 1, 0, 0, 0, '2018-07-03 15:58:34');
INSERT INTO `roles_permissions` (`id`, `role_id`, `perm_cat_id`, `can_view`, `can_add`, `can_edit`, `can_delete`, `created_at`) VALUES (255, 10, 9, 1, 1, 1, 1, '2018-07-03 16:02:22');
INSERT INTO `roles_permissions` (`id`, `role_id`, `perm_cat_id`, `can_view`, `can_add`, `can_edit`, `can_delete`, `created_at`) VALUES (256, 10, 10, 1, 1, 1, 1, '2018-07-03 16:03:09');
INSERT INTO `roles_permissions` (`id`, `role_id`, `perm_cat_id`, `can_view`, `can_add`, `can_edit`, `can_delete`, `created_at`) VALUES (257, 10, 11, 1, 0, 0, 0, '2018-07-03 16:03:09');
INSERT INTO `roles_permissions` (`id`, `role_id`, `perm_cat_id`, `can_view`, `can_add`, `can_edit`, `can_delete`, `created_at`) VALUES (258, 10, 12, 1, 1, 1, 1, '2018-07-03 16:08:40');
INSERT INTO `roles_permissions` (`id`, `role_id`, `perm_cat_id`, `can_view`, `can_add`, `can_edit`, `can_delete`, `created_at`) VALUES (259, 10, 13, 1, 1, 1, 1, '2018-07-03 16:08:40');
INSERT INTO `roles_permissions` (`id`, `role_id`, `perm_cat_id`, `can_view`, `can_add`, `can_edit`, `can_delete`, `created_at`) VALUES (260, 10, 14, 1, 0, 0, 0, '2018-07-03 16:08:53');
INSERT INTO `roles_permissions` (`id`, `role_id`, `perm_cat_id`, `can_view`, `can_add`, `can_edit`, `can_delete`, `created_at`) VALUES (261, 10, 15, 1, 1, 1, 0, '2018-07-03 16:11:28');
INSERT INTO `roles_permissions` (`id`, `role_id`, `perm_cat_id`, `can_view`, `can_add`, `can_edit`, `can_delete`, `created_at`) VALUES (262, 10, 16, 1, 0, 0, 0, '2018-07-03 16:12:12');
INSERT INTO `roles_permissions` (`id`, `role_id`, `perm_cat_id`, `can_view`, `can_add`, `can_edit`, `can_delete`, `created_at`) VALUES (263, 10, 17, 1, 1, 1, 1, '2018-07-03 16:14:30');
INSERT INTO `roles_permissions` (`id`, `role_id`, `perm_cat_id`, `can_view`, `can_add`, `can_edit`, `can_delete`, `created_at`) VALUES (264, 10, 19, 1, 1, 1, 0, '2018-07-03 16:15:45');
INSERT INTO `roles_permissions` (`id`, `role_id`, `perm_cat_id`, `can_view`, `can_add`, `can_edit`, `can_delete`, `created_at`) VALUES (265, 10, 20, 1, 1, 1, 1, '2018-07-03 16:18:51');
INSERT INTO `roles_permissions` (`id`, `role_id`, `perm_cat_id`, `can_view`, `can_add`, `can_edit`, `can_delete`, `created_at`) VALUES (266, 10, 76, 1, 0, 0, 0, '2018-07-03 16:21:21');
INSERT INTO `roles_permissions` (`id`, `role_id`, `perm_cat_id`, `can_view`, `can_add`, `can_edit`, `can_delete`, `created_at`) VALUES (267, 10, 21, 1, 1, 1, 0, '2018-07-03 16:22:45');
INSERT INTO `roles_permissions` (`id`, `role_id`, `perm_cat_id`, `can_view`, `can_add`, `can_edit`, `can_delete`, `created_at`) VALUES (268, 10, 22, 1, 1, 1, 1, '2018-07-03 16:25:00');
INSERT INTO `roles_permissions` (`id`, `role_id`, `perm_cat_id`, `can_view`, `can_add`, `can_edit`, `can_delete`, `created_at`) VALUES (269, 10, 23, 1, 1, 1, 1, '2018-07-03 16:27:16');
INSERT INTO `roles_permissions` (`id`, `role_id`, `perm_cat_id`, `can_view`, `can_add`, `can_edit`, `can_delete`, `created_at`) VALUES (270, 10, 24, 1, 1, 1, 1, '2018-07-03 16:27:49');
INSERT INTO `roles_permissions` (`id`, `role_id`, `perm_cat_id`, `can_view`, `can_add`, `can_edit`, `can_delete`, `created_at`) VALUES (271, 10, 25, 1, 1, 1, 1, '2018-07-03 16:27:49');
INSERT INTO `roles_permissions` (`id`, `role_id`, `perm_cat_id`, `can_view`, `can_add`, `can_edit`, `can_delete`, `created_at`) VALUES (272, 10, 26, 1, 0, 0, 0, '2018-07-03 16:28:25');
INSERT INTO `roles_permissions` (`id`, `role_id`, `perm_cat_id`, `can_view`, `can_add`, `can_edit`, `can_delete`, `created_at`) VALUES (273, 10, 77, 1, 1, 1, 1, '2018-07-03 16:29:57');
INSERT INTO `roles_permissions` (`id`, `role_id`, `perm_cat_id`, `can_view`, `can_add`, `can_edit`, `can_delete`, `created_at`) VALUES (274, 10, 27, 1, 1, 0, 1, '2018-07-03 16:30:36');
INSERT INTO `roles_permissions` (`id`, `role_id`, `perm_cat_id`, `can_view`, `can_add`, `can_edit`, `can_delete`, `created_at`) VALUES (275, 10, 28, 1, 1, 1, 1, '2018-07-03 16:33:09');
INSERT INTO `roles_permissions` (`id`, `role_id`, `perm_cat_id`, `can_view`, `can_add`, `can_edit`, `can_delete`, `created_at`) VALUES (276, 10, 29, 1, 0, 0, 0, '2018-07-03 16:34:03');
INSERT INTO `roles_permissions` (`id`, `role_id`, `perm_cat_id`, `can_view`, `can_add`, `can_edit`, `can_delete`, `created_at`) VALUES (277, 10, 30, 1, 0, 0, 0, '2018-07-03 16:34:03');
INSERT INTO `roles_permissions` (`id`, `role_id`, `perm_cat_id`, `can_view`, `can_add`, `can_edit`, `can_delete`, `created_at`) VALUES (278, 10, 31, 1, 0, 0, 0, '2018-07-03 16:34:03');
INSERT INTO `roles_permissions` (`id`, `role_id`, `perm_cat_id`, `can_view`, `can_add`, `can_edit`, `can_delete`, `created_at`) VALUES (279, 10, 32, 1, 1, 1, 1, '2018-07-03 16:35:42');
INSERT INTO `roles_permissions` (`id`, `role_id`, `perm_cat_id`, `can_view`, `can_add`, `can_edit`, `can_delete`, `created_at`) VALUES (280, 10, 33, 1, 1, 1, 1, '2018-07-03 16:36:32');
INSERT INTO `roles_permissions` (`id`, `role_id`, `perm_cat_id`, `can_view`, `can_add`, `can_edit`, `can_delete`, `created_at`) VALUES (281, 10, 34, 1, 1, 1, 1, '2018-07-03 16:38:03');
INSERT INTO `roles_permissions` (`id`, `role_id`, `perm_cat_id`, `can_view`, `can_add`, `can_edit`, `can_delete`, `created_at`) VALUES (282, 10, 35, 1, 1, 1, 1, '2018-07-03 16:38:41');
INSERT INTO `roles_permissions` (`id`, `role_id`, `perm_cat_id`, `can_view`, `can_add`, `can_edit`, `can_delete`, `created_at`) VALUES (283, 10, 104, 1, 1, 1, 1, '2018-07-03 16:40:43');
INSERT INTO `roles_permissions` (`id`, `role_id`, `perm_cat_id`, `can_view`, `can_add`, `can_edit`, `can_delete`, `created_at`) VALUES (284, 10, 37, 1, 1, 1, 1, '2018-07-03 16:42:42');
INSERT INTO `roles_permissions` (`id`, `role_id`, `perm_cat_id`, `can_view`, `can_add`, `can_edit`, `can_delete`, `created_at`) VALUES (285, 10, 38, 1, 1, 1, 1, '2018-07-03 16:43:56');
INSERT INTO `roles_permissions` (`id`, `role_id`, `perm_cat_id`, `can_view`, `can_add`, `can_edit`, `can_delete`, `created_at`) VALUES (286, 10, 39, 1, 1, 1, 1, '2018-07-03 16:45:39');
INSERT INTO `roles_permissions` (`id`, `role_id`, `perm_cat_id`, `can_view`, `can_add`, `can_edit`, `can_delete`, `created_at`) VALUES (287, 10, 40, 1, 1, 1, 1, '2018-07-03 16:47:22');
INSERT INTO `roles_permissions` (`id`, `role_id`, `perm_cat_id`, `can_view`, `can_add`, `can_edit`, `can_delete`, `created_at`) VALUES (288, 10, 41, 1, 1, 1, 1, '2018-07-03 16:48:54');
INSERT INTO `roles_permissions` (`id`, `role_id`, `perm_cat_id`, `can_view`, `can_add`, `can_edit`, `can_delete`, `created_at`) VALUES (289, 10, 42, 1, 1, 1, 1, '2018-07-03 16:49:31');
INSERT INTO `roles_permissions` (`id`, `role_id`, `perm_cat_id`, `can_view`, `can_add`, `can_edit`, `can_delete`, `created_at`) VALUES (290, 10, 43, 1, 1, 1, 1, '2018-07-03 16:51:15');
INSERT INTO `roles_permissions` (`id`, `role_id`, `perm_cat_id`, `can_view`, `can_add`, `can_edit`, `can_delete`, `created_at`) VALUES (291, 10, 44, 1, 0, 0, 0, '2018-07-03 16:52:06');
INSERT INTO `roles_permissions` (`id`, `role_id`, `perm_cat_id`, `can_view`, `can_add`, `can_edit`, `can_delete`, `created_at`) VALUES (292, 10, 46, 1, 0, 0, 0, '2018-07-03 16:52:06');
INSERT INTO `roles_permissions` (`id`, `role_id`, `perm_cat_id`, `can_view`, `can_add`, `can_edit`, `can_delete`, `created_at`) VALUES (293, 10, 50, 1, 0, 0, 0, '2018-07-03 16:52:59');
INSERT INTO `roles_permissions` (`id`, `role_id`, `perm_cat_id`, `can_view`, `can_add`, `can_edit`, `can_delete`, `created_at`) VALUES (294, 10, 51, 1, 0, 0, 0, '2018-07-03 16:52:59');
INSERT INTO `roles_permissions` (`id`, `role_id`, `perm_cat_id`, `can_view`, `can_add`, `can_edit`, `can_delete`, `created_at`) VALUES (295, 10, 60, 0, 0, 1, 0, '2018-07-03 16:55:05');
INSERT INTO `roles_permissions` (`id`, `role_id`, `perm_cat_id`, `can_view`, `can_add`, `can_edit`, `can_delete`, `created_at`) VALUES (296, 10, 61, 1, 1, 1, 1, '2018-07-03 16:56:52');
INSERT INTO `roles_permissions` (`id`, `role_id`, `perm_cat_id`, `can_view`, `can_add`, `can_edit`, `can_delete`, `created_at`) VALUES (297, 10, 62, 1, 1, 1, 1, '2018-07-03 16:58:53');
INSERT INTO `roles_permissions` (`id`, `role_id`, `perm_cat_id`, `can_view`, `can_add`, `can_edit`, `can_delete`, `created_at`) VALUES (298, 10, 63, 1, 1, 0, 0, '2018-07-03 16:59:37');
INSERT INTO `roles_permissions` (`id`, `role_id`, `perm_cat_id`, `can_view`, `can_add`, `can_edit`, `can_delete`, `created_at`) VALUES (299, 10, 64, 1, 1, 1, 1, '2018-07-03 17:00:27');
INSERT INTO `roles_permissions` (`id`, `role_id`, `perm_cat_id`, `can_view`, `can_add`, `can_edit`, `can_delete`, `created_at`) VALUES (300, 10, 65, 1, 1, 1, 1, '2018-07-03 17:02:51');
INSERT INTO `roles_permissions` (`id`, `role_id`, `perm_cat_id`, `can_view`, `can_add`, `can_edit`, `can_delete`, `created_at`) VALUES (301, 10, 66, 1, 1, 1, 1, '2018-07-03 17:02:51');
INSERT INTO `roles_permissions` (`id`, `role_id`, `perm_cat_id`, `can_view`, `can_add`, `can_edit`, `can_delete`, `created_at`) VALUES (302, 10, 67, 1, 0, 0, 0, '2018-07-03 17:02:51');
INSERT INTO `roles_permissions` (`id`, `role_id`, `perm_cat_id`, `can_view`, `can_add`, `can_edit`, `can_delete`, `created_at`) VALUES (303, 10, 78, 1, 1, 1, 1, '2018-07-04 15:10:04');
INSERT INTO `roles_permissions` (`id`, `role_id`, `perm_cat_id`, `can_view`, `can_add`, `can_edit`, `can_delete`, `created_at`) VALUES (307, 1, 126, 1, 0, 0, 0, '2018-07-03 20:26:13');
INSERT INTO `roles_permissions` (`id`, `role_id`, `perm_cat_id`, `can_view`, `can_add`, `can_edit`, `can_delete`, `created_at`) VALUES (310, 1, 119, 1, 0, 0, 0, '2018-07-03 21:15:00');
INSERT INTO `roles_permissions` (`id`, `role_id`, `perm_cat_id`, `can_view`, `can_add`, `can_edit`, `can_delete`, `created_at`) VALUES (311, 1, 120, 1, 0, 0, 0, '2018-07-03 21:15:00');
INSERT INTO `roles_permissions` (`id`, `role_id`, `perm_cat_id`, `can_view`, `can_add`, `can_edit`, `can_delete`, `created_at`) VALUES (312, 1, 107, 1, 0, 0, 0, '2018-07-03 21:15:12');
INSERT INTO `roles_permissions` (`id`, `role_id`, `perm_cat_id`, `can_view`, `can_add`, `can_edit`, `can_delete`, `created_at`) VALUES (313, 1, 122, 1, 0, 0, 0, '2018-07-03 21:19:37');
INSERT INTO `roles_permissions` (`id`, `role_id`, `perm_cat_id`, `can_view`, `can_add`, `can_edit`, `can_delete`, `created_at`) VALUES (315, 1, 123, 1, 0, 0, 0, '2018-07-03 21:27:03');
INSERT INTO `roles_permissions` (`id`, `role_id`, `perm_cat_id`, `can_view`, `can_add`, `can_edit`, `can_delete`, `created_at`) VALUES (317, 1, 124, 1, 0, 0, 0, '2018-07-03 21:29:14');
INSERT INTO `roles_permissions` (`id`, `role_id`, `perm_cat_id`, `can_view`, `can_add`, `can_edit`, `can_delete`, `created_at`) VALUES (320, 1, 47, 1, 0, 0, 0, '2018-07-03 22:01:12');
INSERT INTO `roles_permissions` (`id`, `role_id`, `perm_cat_id`, `can_view`, `can_add`, `can_edit`, `can_delete`, `created_at`) VALUES (321, 1, 121, 1, 0, 0, 0, '2018-07-03 22:01:12');
INSERT INTO `roles_permissions` (`id`, `role_id`, `perm_cat_id`, `can_view`, `can_add`, `can_edit`, `can_delete`, `created_at`) VALUES (322, 1, 109, 1, 1, 1, 1, '2018-07-03 22:10:54');
INSERT INTO `roles_permissions` (`id`, `role_id`, `perm_cat_id`, `can_view`, `can_add`, `can_edit`, `can_delete`, `created_at`) VALUES (369, 1, 102, 1, 1, 1, 1, '2018-07-11 23:01:47');
INSERT INTO `roles_permissions` (`id`, `role_id`, `perm_cat_id`, `can_view`, `can_add`, `can_edit`, `can_delete`, `created_at`) VALUES (372, 10, 79, 1, 1, 0, 0, '2018-07-04 15:10:04');
INSERT INTO `roles_permissions` (`id`, `role_id`, `perm_cat_id`, `can_view`, `can_add`, `can_edit`, `can_delete`, `created_at`) VALUES (373, 10, 80, 1, 1, 1, 1, '2018-07-04 15:23:09');
INSERT INTO `roles_permissions` (`id`, `role_id`, `perm_cat_id`, `can_view`, `can_add`, `can_edit`, `can_delete`, `created_at`) VALUES (374, 10, 81, 1, 1, 1, 1, '2018-07-04 15:23:50');
INSERT INTO `roles_permissions` (`id`, `role_id`, `perm_cat_id`, `can_view`, `can_add`, `can_edit`, `can_delete`, `created_at`) VALUES (375, 10, 82, 1, 1, 1, 1, '2018-07-04 15:26:54');
INSERT INTO `roles_permissions` (`id`, `role_id`, `perm_cat_id`, `can_view`, `can_add`, `can_edit`, `can_delete`, `created_at`) VALUES (376, 10, 83, 1, 1, 1, 1, '2018-07-04 15:27:55');
INSERT INTO `roles_permissions` (`id`, `role_id`, `perm_cat_id`, `can_view`, `can_add`, `can_edit`, `can_delete`, `created_at`) VALUES (377, 10, 84, 1, 1, 1, 1, '2018-07-04 15:30:26');
INSERT INTO `roles_permissions` (`id`, `role_id`, `perm_cat_id`, `can_view`, `can_add`, `can_edit`, `can_delete`, `created_at`) VALUES (378, 10, 85, 1, 1, 1, 1, '2018-07-04 15:32:54');
INSERT INTO `roles_permissions` (`id`, `role_id`, `perm_cat_id`, `can_view`, `can_add`, `can_edit`, `can_delete`, `created_at`) VALUES (379, 10, 86, 1, 1, 1, 1, '2018-07-04 15:46:18');
INSERT INTO `roles_permissions` (`id`, `role_id`, `perm_cat_id`, `can_view`, `can_add`, `can_edit`, `can_delete`, `created_at`) VALUES (380, 10, 87, 1, 0, 0, 0, '2018-07-04 15:49:49');
INSERT INTO `roles_permissions` (`id`, `role_id`, `perm_cat_id`, `can_view`, `can_add`, `can_edit`, `can_delete`, `created_at`) VALUES (381, 10, 88, 1, 1, 1, 0, '2018-07-04 15:51:20');
INSERT INTO `roles_permissions` (`id`, `role_id`, `perm_cat_id`, `can_view`, `can_add`, `can_edit`, `can_delete`, `created_at`) VALUES (382, 10, 89, 1, 0, 0, 0, '2018-07-04 15:51:51');
INSERT INTO `roles_permissions` (`id`, `role_id`, `perm_cat_id`, `can_view`, `can_add`, `can_edit`, `can_delete`, `created_at`) VALUES (383, 10, 90, 1, 1, 0, 1, '2018-07-04 15:55:01');
INSERT INTO `roles_permissions` (`id`, `role_id`, `perm_cat_id`, `can_view`, `can_add`, `can_edit`, `can_delete`, `created_at`) VALUES (384, 10, 91, 1, 0, 0, 0, '2018-07-04 15:55:01');
INSERT INTO `roles_permissions` (`id`, `role_id`, `perm_cat_id`, `can_view`, `can_add`, `can_edit`, `can_delete`, `created_at`) VALUES (385, 10, 108, 1, 1, 1, 1, '2018-07-04 15:57:46');
INSERT INTO `roles_permissions` (`id`, `role_id`, `perm_cat_id`, `can_view`, `can_add`, `can_edit`, `can_delete`, `created_at`) VALUES (386, 10, 109, 1, 1, 1, 1, '2018-07-04 15:58:26');
INSERT INTO `roles_permissions` (`id`, `role_id`, `perm_cat_id`, `can_view`, `can_add`, `can_edit`, `can_delete`, `created_at`) VALUES (387, 10, 110, 1, 1, 1, 1, '2018-07-04 16:02:43');
INSERT INTO `roles_permissions` (`id`, `role_id`, `perm_cat_id`, `can_view`, `can_add`, `can_edit`, `can_delete`, `created_at`) VALUES (388, 10, 111, 1, 1, 1, 1, '2018-07-04 16:03:21');
INSERT INTO `roles_permissions` (`id`, `role_id`, `perm_cat_id`, `can_view`, `can_add`, `can_edit`, `can_delete`, `created_at`) VALUES (389, 10, 112, 1, 1, 1, 1, '2018-07-04 16:05:06');
INSERT INTO `roles_permissions` (`id`, `role_id`, `perm_cat_id`, `can_view`, `can_add`, `can_edit`, `can_delete`, `created_at`) VALUES (390, 10, 127, 1, 0, 0, 0, '2018-07-04 16:05:06');
INSERT INTO `roles_permissions` (`id`, `role_id`, `perm_cat_id`, `can_view`, `can_add`, `can_edit`, `can_delete`, `created_at`) VALUES (391, 10, 93, 1, 1, 1, 1, '2018-07-04 16:07:14');
INSERT INTO `roles_permissions` (`id`, `role_id`, `perm_cat_id`, `can_view`, `can_add`, `can_edit`, `can_delete`, `created_at`) VALUES (392, 10, 94, 1, 1, 0, 0, '2018-07-04 16:08:02');
INSERT INTO `roles_permissions` (`id`, `role_id`, `perm_cat_id`, `can_view`, `can_add`, `can_edit`, `can_delete`, `created_at`) VALUES (394, 10, 95, 1, 0, 0, 0, '2018-07-04 16:08:44');
INSERT INTO `roles_permissions` (`id`, `role_id`, `perm_cat_id`, `can_view`, `can_add`, `can_edit`, `can_delete`, `created_at`) VALUES (395, 10, 102, 1, 1, 1, 1, '2018-07-04 16:11:02');
INSERT INTO `roles_permissions` (`id`, `role_id`, `perm_cat_id`, `can_view`, `can_add`, `can_edit`, `can_delete`, `created_at`) VALUES (396, 10, 106, 1, 0, 0, 0, '2018-07-04 16:11:39');
INSERT INTO `roles_permissions` (`id`, `role_id`, `perm_cat_id`, `can_view`, `can_add`, `can_edit`, `can_delete`, `created_at`) VALUES (397, 10, 113, 1, 0, 0, 0, '2018-07-04 16:12:37');
INSERT INTO `roles_permissions` (`id`, `role_id`, `perm_cat_id`, `can_view`, `can_add`, `can_edit`, `can_delete`, `created_at`) VALUES (398, 10, 114, 1, 0, 0, 0, '2018-07-04 16:12:37');
INSERT INTO `roles_permissions` (`id`, `role_id`, `perm_cat_id`, `can_view`, `can_add`, `can_edit`, `can_delete`, `created_at`) VALUES (399, 10, 115, 1, 0, 0, 0, '2018-07-04 16:18:45');
INSERT INTO `roles_permissions` (`id`, `role_id`, `perm_cat_id`, `can_view`, `can_add`, `can_edit`, `can_delete`, `created_at`) VALUES (400, 10, 116, 1, 0, 0, 0, '2018-07-04 16:18:45');
INSERT INTO `roles_permissions` (`id`, `role_id`, `perm_cat_id`, `can_view`, `can_add`, `can_edit`, `can_delete`, `created_at`) VALUES (401, 10, 117, 1, 0, 0, 0, '2018-07-04 16:19:43');
INSERT INTO `roles_permissions` (`id`, `role_id`, `perm_cat_id`, `can_view`, `can_add`, `can_edit`, `can_delete`, `created_at`) VALUES (402, 10, 118, 1, 0, 0, 0, '2018-07-04 16:19:43');
INSERT INTO `roles_permissions` (`id`, `role_id`, `perm_cat_id`, `can_view`, `can_add`, `can_edit`, `can_delete`, `created_at`) VALUES (411, 1, 2, 1, 0, 0, 0, '2018-07-04 19:16:10');
INSERT INTO `roles_permissions` (`id`, `role_id`, `perm_cat_id`, `can_view`, `can_add`, `can_edit`, `can_delete`, `created_at`) VALUES (412, 1, 11, 1, 0, 0, 0, '2018-07-04 19:54:05');
INSERT INTO `roles_permissions` (`id`, `role_id`, `perm_cat_id`, `can_view`, `can_add`, `can_edit`, `can_delete`, `created_at`) VALUES (416, 2, 3, 1, 1, 1, 1, '2018-07-10 17:47:12');
INSERT INTO `roles_permissions` (`id`, `role_id`, `perm_cat_id`, `can_view`, `can_add`, `can_edit`, `can_delete`, `created_at`) VALUES (428, 2, 4, 1, 1, 1, 1, '2018-07-05 13:10:38');
INSERT INTO `roles_permissions` (`id`, `role_id`, `perm_cat_id`, `can_view`, `can_add`, `can_edit`, `can_delete`, `created_at`) VALUES (432, 1, 128, 0, 1, 0, 1, '2018-07-05 19:09:50');
INSERT INTO `roles_permissions` (`id`, `role_id`, `perm_cat_id`, `can_view`, `can_add`, `can_edit`, `can_delete`, `created_at`) VALUES (434, 1, 125, 1, 0, 0, 0, '2018-07-06 20:59:26');
INSERT INTO `roles_permissions` (`id`, `role_id`, `perm_cat_id`, `can_view`, `can_add`, `can_edit`, `can_delete`, `created_at`) VALUES (435, 1, 96, 1, 1, 1, 1, '2018-07-09 12:03:54');
INSERT INTO `roles_permissions` (`id`, `role_id`, `perm_cat_id`, `can_view`, `can_add`, `can_edit`, `can_delete`, `created_at`) VALUES (437, 1, 98, 1, 1, 1, 1, '2018-07-09 12:14:17');
INSERT INTO `roles_permissions` (`id`, `role_id`, `perm_cat_id`, `can_view`, `can_add`, `can_edit`, `can_delete`, `created_at`) VALUES (444, 1, 99, 1, 0, 0, 0, '2018-07-06 22:41:22');
INSERT INTO `roles_permissions` (`id`, `role_id`, `perm_cat_id`, `can_view`, `can_add`, `can_edit`, `can_delete`, `created_at`) VALUES (445, 1, 48, 1, 0, 0, 0, '2018-07-06 22:49:35');
INSERT INTO `roles_permissions` (`id`, `role_id`, `perm_cat_id`, `can_view`, `can_add`, `can_edit`, `can_delete`, `created_at`) VALUES (446, 1, 49, 1, 0, 0, 0, '2018-07-06 22:49:35');
INSERT INTO `roles_permissions` (`id`, `role_id`, `perm_cat_id`, `can_view`, `can_add`, `can_edit`, `can_delete`, `created_at`) VALUES (448, 1, 71, 1, 0, 0, 0, '2018-07-08 14:47:06');
INSERT INTO `roles_permissions` (`id`, `role_id`, `perm_cat_id`, `can_view`, `can_add`, `can_edit`, `can_delete`, `created_at`) VALUES (453, 1, 106, 1, 0, 0, 0, '2018-07-09 11:47:33');
INSERT INTO `roles_permissions` (`id`, `role_id`, `perm_cat_id`, `can_view`, `can_add`, `can_edit`, `can_delete`, `created_at`) VALUES (454, 1, 113, 1, 0, 0, 0, '2018-07-09 11:47:33');
INSERT INTO `roles_permissions` (`id`, `role_id`, `perm_cat_id`, `can_view`, `can_add`, `can_edit`, `can_delete`, `created_at`) VALUES (455, 1, 114, 1, 0, 0, 0, '2018-07-09 11:47:33');
INSERT INTO `roles_permissions` (`id`, `role_id`, `perm_cat_id`, `can_view`, `can_add`, `can_edit`, `can_delete`, `created_at`) VALUES (456, 1, 115, 1, 0, 0, 0, '2018-07-09 11:47:33');
INSERT INTO `roles_permissions` (`id`, `role_id`, `perm_cat_id`, `can_view`, `can_add`, `can_edit`, `can_delete`, `created_at`) VALUES (457, 1, 116, 1, 0, 0, 0, '2018-07-09 11:47:33');
INSERT INTO `roles_permissions` (`id`, `role_id`, `perm_cat_id`, `can_view`, `can_add`, `can_edit`, `can_delete`, `created_at`) VALUES (458, 1, 117, 1, 0, 0, 0, '2018-07-09 11:47:33');
INSERT INTO `roles_permissions` (`id`, `role_id`, `perm_cat_id`, `can_view`, `can_add`, `can_edit`, `can_delete`, `created_at`) VALUES (459, 1, 118, 1, 0, 0, 0, '2018-07-09 11:47:33');
INSERT INTO `roles_permissions` (`id`, `role_id`, `perm_cat_id`, `can_view`, `can_add`, `can_edit`, `can_delete`, `created_at`) VALUES (461, 1, 97, 1, 0, 0, 0, '2018-07-09 12:00:16');
INSERT INTO `roles_permissions` (`id`, `role_id`, `perm_cat_id`, `can_view`, `can_add`, `can_edit`, `can_delete`, `created_at`) VALUES (462, 1, 95, 1, 0, 0, 0, '2018-07-09 12:18:41');
INSERT INTO `roles_permissions` (`id`, `role_id`, `perm_cat_id`, `can_view`, `can_add`, `can_edit`, `can_delete`, `created_at`) VALUES (464, 1, 86, 1, 1, 1, 1, '2018-07-09 17:09:48');
INSERT INTO `roles_permissions` (`id`, `role_id`, `perm_cat_id`, `can_view`, `can_add`, `can_edit`, `can_delete`, `created_at`) VALUES (466, 1, 129, 0, 1, 0, 1, '2018-07-09 12:39:30');
INSERT INTO `roles_permissions` (`id`, `role_id`, `perm_cat_id`, `can_view`, `can_add`, `can_edit`, `can_delete`, `created_at`) VALUES (467, 1, 87, 1, 0, 0, 0, '2018-07-09 12:41:59');
INSERT INTO `roles_permissions` (`id`, `role_id`, `perm_cat_id`, `can_view`, `can_add`, `can_edit`, `can_delete`, `created_at`) VALUES (468, 1, 90, 1, 1, 0, 1, '2018-07-09 12:52:50');
INSERT INTO `roles_permissions` (`id`, `role_id`, `perm_cat_id`, `can_view`, `can_add`, `can_edit`, `can_delete`, `created_at`) VALUES (471, 1, 53, 0, 1, 0, 0, '2018-07-09 14:20:44');
INSERT INTO `roles_permissions` (`id`, `role_id`, `perm_cat_id`, `can_view`, `can_add`, `can_edit`, `can_delete`, `created_at`) VALUES (474, 1, 130, 1, 1, 0, 1, '2018-07-09 21:56:36');
INSERT INTO `roles_permissions` (`id`, `role_id`, `perm_cat_id`, `can_view`, `can_add`, `can_edit`, `can_delete`, `created_at`) VALUES (476, 1, 131, 1, 0, 0, 0, '2018-07-09 15:53:32');
INSERT INTO `roles_permissions` (`id`, `role_id`, `perm_cat_id`, `can_view`, `can_add`, `can_edit`, `can_delete`, `created_at`) VALUES (477, 2, 1, 1, 1, 1, 1, '2018-07-11 17:56:27');
INSERT INTO `roles_permissions` (`id`, `role_id`, `perm_cat_id`, `can_view`, `can_add`, `can_edit`, `can_delete`, `created_at`) VALUES (478, 2, 2, 1, 0, 0, 0, '2018-07-10 17:47:12');
INSERT INTO `roles_permissions` (`id`, `role_id`, `perm_cat_id`, `can_view`, `can_add`, `can_edit`, `can_delete`, `created_at`) VALUES (479, 2, 47, 1, 0, 0, 0, '2018-07-10 17:47:12');
INSERT INTO `roles_permissions` (`id`, `role_id`, `perm_cat_id`, `can_view`, `can_add`, `can_edit`, `can_delete`, `created_at`) VALUES (480, 2, 105, 1, 0, 0, 0, '2018-07-10 17:47:12');
INSERT INTO `roles_permissions` (`id`, `role_id`, `perm_cat_id`, `can_view`, `can_add`, `can_edit`, `can_delete`, `created_at`) VALUES (482, 2, 119, 1, 0, 0, 0, '2018-07-10 17:47:12');
INSERT INTO `roles_permissions` (`id`, `role_id`, `perm_cat_id`, `can_view`, `can_add`, `can_edit`, `can_delete`, `created_at`) VALUES (483, 2, 120, 1, 0, 0, 0, '2018-07-10 17:47:12');
INSERT INTO `roles_permissions` (`id`, `role_id`, `perm_cat_id`, `can_view`, `can_add`, `can_edit`, `can_delete`, `created_at`) VALUES (485, 2, 15, 1, 1, 1, 0, '2018-07-10 17:47:12');
INSERT INTO `roles_permissions` (`id`, `role_id`, `perm_cat_id`, `can_view`, `can_add`, `can_edit`, `can_delete`, `created_at`) VALUES (486, 2, 16, 1, 0, 0, 0, '2018-07-10 17:47:12');
INSERT INTO `roles_permissions` (`id`, `role_id`, `perm_cat_id`, `can_view`, `can_add`, `can_edit`, `can_delete`, `created_at`) VALUES (487, 2, 122, 1, 0, 0, 0, '2018-07-10 17:47:12');
INSERT INTO `roles_permissions` (`id`, `role_id`, `perm_cat_id`, `can_view`, `can_add`, `can_edit`, `can_delete`, `created_at`) VALUES (492, 2, 21, 1, 0, 0, 0, '2018-07-12 11:20:27');
INSERT INTO `roles_permissions` (`id`, `role_id`, `perm_cat_id`, `can_view`, `can_add`, `can_edit`, `can_delete`, `created_at`) VALUES (493, 2, 22, 1, 0, 0, 0, '2018-07-12 11:20:27');
INSERT INTO `roles_permissions` (`id`, `role_id`, `perm_cat_id`, `can_view`, `can_add`, `can_edit`, `can_delete`, `created_at`) VALUES (494, 2, 23, 1, 0, 0, 0, '2018-07-12 11:20:27');
INSERT INTO `roles_permissions` (`id`, `role_id`, `perm_cat_id`, `can_view`, `can_add`, `can_edit`, `can_delete`, `created_at`) VALUES (495, 2, 24, 1, 0, 0, 0, '2018-07-12 11:20:27');
INSERT INTO `roles_permissions` (`id`, `role_id`, `perm_cat_id`, `can_view`, `can_add`, `can_edit`, `can_delete`, `created_at`) VALUES (496, 2, 25, 1, 0, 0, 0, '2018-07-12 11:20:27');
INSERT INTO `roles_permissions` (`id`, `role_id`, `perm_cat_id`, `can_view`, `can_add`, `can_edit`, `can_delete`, `created_at`) VALUES (498, 2, 77, 1, 0, 0, 0, '2018-07-12 11:20:27');
INSERT INTO `roles_permissions` (`id`, `role_id`, `perm_cat_id`, `can_view`, `can_add`, `can_edit`, `can_delete`, `created_at`) VALUES (499, 2, 27, 1, 1, 0, 1, '2018-07-10 17:47:12');
INSERT INTO `roles_permissions` (`id`, `role_id`, `perm_cat_id`, `can_view`, `can_add`, `can_edit`, `can_delete`, `created_at`) VALUES (502, 2, 93, 1, 1, 1, 1, '2018-07-10 17:47:12');
INSERT INTO `roles_permissions` (`id`, `role_id`, `perm_cat_id`, `can_view`, `can_add`, `can_edit`, `can_delete`, `created_at`) VALUES (503, 2, 94, 1, 1, 0, 0, '2018-07-10 17:47:12');
INSERT INTO `roles_permissions` (`id`, `role_id`, `perm_cat_id`, `can_view`, `can_add`, `can_edit`, `can_delete`, `created_at`) VALUES (504, 2, 95, 1, 0, 0, 0, '2018-07-10 17:47:12');
INSERT INTO `roles_permissions` (`id`, `role_id`, `perm_cat_id`, `can_view`, `can_add`, `can_edit`, `can_delete`, `created_at`) VALUES (505, 3, 5, 1, 1, 0, 1, '2018-07-10 18:07:30');
INSERT INTO `roles_permissions` (`id`, `role_id`, `perm_cat_id`, `can_view`, `can_add`, `can_edit`, `can_delete`, `created_at`) VALUES (506, 3, 6, 1, 0, 0, 0, '2018-07-10 18:07:30');
INSERT INTO `roles_permissions` (`id`, `role_id`, `perm_cat_id`, `can_view`, `can_add`, `can_edit`, `can_delete`, `created_at`) VALUES (507, 3, 7, 1, 1, 1, 1, '2018-07-10 18:07:30');
INSERT INTO `roles_permissions` (`id`, `role_id`, `perm_cat_id`, `can_view`, `can_add`, `can_edit`, `can_delete`, `created_at`) VALUES (508, 3, 8, 1, 1, 1, 1, '2018-07-10 18:07:30');
INSERT INTO `roles_permissions` (`id`, `role_id`, `perm_cat_id`, `can_view`, `can_add`, `can_edit`, `can_delete`, `created_at`) VALUES (509, 3, 68, 1, 0, 0, 0, '2018-07-10 18:07:30');
INSERT INTO `roles_permissions` (`id`, `role_id`, `perm_cat_id`, `can_view`, `can_add`, `can_edit`, `can_delete`, `created_at`) VALUES (510, 3, 69, 1, 1, 1, 1, '2018-07-10 18:07:30');
INSERT INTO `roles_permissions` (`id`, `role_id`, `perm_cat_id`, `can_view`, `can_add`, `can_edit`, `can_delete`, `created_at`) VALUES (511, 3, 70, 1, 1, 1, 1, '2018-07-10 18:07:30');
INSERT INTO `roles_permissions` (`id`, `role_id`, `perm_cat_id`, `can_view`, `can_add`, `can_edit`, `can_delete`, `created_at`) VALUES (512, 3, 71, 1, 0, 0, 0, '2018-07-10 18:07:30');
INSERT INTO `roles_permissions` (`id`, `role_id`, `perm_cat_id`, `can_view`, `can_add`, `can_edit`, `can_delete`, `created_at`) VALUES (513, 3, 72, 1, 0, 0, 0, '2018-07-10 18:07:30');
INSERT INTO `roles_permissions` (`id`, `role_id`, `perm_cat_id`, `can_view`, `can_add`, `can_edit`, `can_delete`, `created_at`) VALUES (514, 3, 73, 1, 0, 0, 0, '2018-07-10 18:07:30');
INSERT INTO `roles_permissions` (`id`, `role_id`, `perm_cat_id`, `can_view`, `can_add`, `can_edit`, `can_delete`, `created_at`) VALUES (515, 3, 74, 1, 0, 0, 0, '2018-07-10 18:07:30');
INSERT INTO `roles_permissions` (`id`, `role_id`, `perm_cat_id`, `can_view`, `can_add`, `can_edit`, `can_delete`, `created_at`) VALUES (517, 3, 75, 1, 0, 0, 0, '2018-07-10 18:10:38');
INSERT INTO `roles_permissions` (`id`, `role_id`, `perm_cat_id`, `can_view`, `can_add`, `can_edit`, `can_delete`, `created_at`) VALUES (518, 3, 9, 1, 1, 1, 1, '2018-07-10 18:10:38');
INSERT INTO `roles_permissions` (`id`, `role_id`, `perm_cat_id`, `can_view`, `can_add`, `can_edit`, `can_delete`, `created_at`) VALUES (519, 3, 10, 1, 1, 1, 1, '2018-07-10 18:10:38');
INSERT INTO `roles_permissions` (`id`, `role_id`, `perm_cat_id`, `can_view`, `can_add`, `can_edit`, `can_delete`, `created_at`) VALUES (520, 3, 11, 1, 0, 0, 0, '2018-07-10 18:10:38');
INSERT INTO `roles_permissions` (`id`, `role_id`, `perm_cat_id`, `can_view`, `can_add`, `can_edit`, `can_delete`, `created_at`) VALUES (521, 3, 12, 1, 1, 1, 1, '2018-07-10 18:17:00');
INSERT INTO `roles_permissions` (`id`, `role_id`, `perm_cat_id`, `can_view`, `can_add`, `can_edit`, `can_delete`, `created_at`) VALUES (522, 3, 13, 1, 1, 1, 1, '2018-07-10 18:17:00');
INSERT INTO `roles_permissions` (`id`, `role_id`, `perm_cat_id`, `can_view`, `can_add`, `can_edit`, `can_delete`, `created_at`) VALUES (523, 3, 14, 1, 0, 0, 0, '2018-07-10 18:17:00');
INSERT INTO `roles_permissions` (`id`, `role_id`, `perm_cat_id`, `can_view`, `can_add`, `can_edit`, `can_delete`, `created_at`) VALUES (524, 3, 86, 1, 1, 1, 1, '2018-07-10 18:18:44');
INSERT INTO `roles_permissions` (`id`, `role_id`, `perm_cat_id`, `can_view`, `can_add`, `can_edit`, `can_delete`, `created_at`) VALUES (525, 3, 87, 1, 0, 0, 0, '2018-07-10 18:18:44');
INSERT INTO `roles_permissions` (`id`, `role_id`, `perm_cat_id`, `can_view`, `can_add`, `can_edit`, `can_delete`, `created_at`) VALUES (526, 3, 88, 1, 1, 1, 0, '2018-07-10 18:18:44');
INSERT INTO `roles_permissions` (`id`, `role_id`, `perm_cat_id`, `can_view`, `can_add`, `can_edit`, `can_delete`, `created_at`) VALUES (527, 3, 89, 1, 0, 0, 0, '2018-07-10 18:18:44');
INSERT INTO `roles_permissions` (`id`, `role_id`, `perm_cat_id`, `can_view`, `can_add`, `can_edit`, `can_delete`, `created_at`) VALUES (528, 3, 90, 1, 1, 0, 1, '2018-07-10 18:18:44');
INSERT INTO `roles_permissions` (`id`, `role_id`, `perm_cat_id`, `can_view`, `can_add`, `can_edit`, `can_delete`, `created_at`) VALUES (529, 3, 91, 1, 0, 0, 0, '2018-07-10 18:18:44');
INSERT INTO `roles_permissions` (`id`, `role_id`, `perm_cat_id`, `can_view`, `can_add`, `can_edit`, `can_delete`, `created_at`) VALUES (530, 3, 108, 1, 1, 1, 1, '2018-07-10 18:18:44');
INSERT INTO `roles_permissions` (`id`, `role_id`, `perm_cat_id`, `can_view`, `can_add`, `can_edit`, `can_delete`, `created_at`) VALUES (531, 3, 109, 1, 1, 1, 1, '2018-07-10 18:18:44');
INSERT INTO `roles_permissions` (`id`, `role_id`, `perm_cat_id`, `can_view`, `can_add`, `can_edit`, `can_delete`, `created_at`) VALUES (532, 3, 110, 1, 1, 1, 1, '2018-07-10 18:18:44');
INSERT INTO `roles_permissions` (`id`, `role_id`, `perm_cat_id`, `can_view`, `can_add`, `can_edit`, `can_delete`, `created_at`) VALUES (533, 3, 111, 1, 1, 1, 1, '2018-07-10 18:18:44');
INSERT INTO `roles_permissions` (`id`, `role_id`, `perm_cat_id`, `can_view`, `can_add`, `can_edit`, `can_delete`, `created_at`) VALUES (534, 3, 112, 1, 1, 1, 1, '2018-07-10 18:18:44');
INSERT INTO `roles_permissions` (`id`, `role_id`, `perm_cat_id`, `can_view`, `can_add`, `can_edit`, `can_delete`, `created_at`) VALUES (535, 3, 127, 1, 0, 0, 0, '2018-07-10 18:18:44');
INSERT INTO `roles_permissions` (`id`, `role_id`, `perm_cat_id`, `can_view`, `can_add`, `can_edit`, `can_delete`, `created_at`) VALUES (536, 3, 129, 0, 1, 0, 1, '2018-07-10 18:18:44');
INSERT INTO `roles_permissions` (`id`, `role_id`, `perm_cat_id`, `can_view`, `can_add`, `can_edit`, `can_delete`, `created_at`) VALUES (537, 3, 43, 1, 1, 1, 1, '2018-07-10 18:19:49');
INSERT INTO `roles_permissions` (`id`, `role_id`, `perm_cat_id`, `can_view`, `can_add`, `can_edit`, `can_delete`, `created_at`) VALUES (538, 3, 44, 1, 0, 0, 0, '2018-07-10 18:19:49');
INSERT INTO `roles_permissions` (`id`, `role_id`, `perm_cat_id`, `can_view`, `can_add`, `can_edit`, `can_delete`, `created_at`) VALUES (539, 3, 46, 1, 0, 0, 0, '2018-07-10 18:19:49');
INSERT INTO `roles_permissions` (`id`, `role_id`, `perm_cat_id`, `can_view`, `can_add`, `can_edit`, `can_delete`, `created_at`) VALUES (540, 3, 31, 1, 0, 0, 0, '2018-07-10 18:20:38');
INSERT INTO `roles_permissions` (`id`, `role_id`, `perm_cat_id`, `can_view`, `can_add`, `can_edit`, `can_delete`, `created_at`) VALUES (541, 3, 32, 1, 1, 1, 1, '2018-07-10 18:20:38');
INSERT INTO `roles_permissions` (`id`, `role_id`, `perm_cat_id`, `can_view`, `can_add`, `can_edit`, `can_delete`, `created_at`) VALUES (542, 3, 33, 1, 1, 1, 1, '2018-07-10 18:20:38');
INSERT INTO `roles_permissions` (`id`, `role_id`, `perm_cat_id`, `can_view`, `can_add`, `can_edit`, `can_delete`, `created_at`) VALUES (543, 3, 34, 1, 1, 1, 1, '2018-07-10 18:20:38');
INSERT INTO `roles_permissions` (`id`, `role_id`, `perm_cat_id`, `can_view`, `can_add`, `can_edit`, `can_delete`, `created_at`) VALUES (544, 3, 35, 1, 1, 1, 1, '2018-07-10 18:20:38');
INSERT INTO `roles_permissions` (`id`, `role_id`, `perm_cat_id`, `can_view`, `can_add`, `can_edit`, `can_delete`, `created_at`) VALUES (545, 3, 104, 1, 1, 1, 1, '2018-07-10 18:20:38');
INSERT INTO `roles_permissions` (`id`, `role_id`, `perm_cat_id`, `can_view`, `can_add`, `can_edit`, `can_delete`, `created_at`) VALUES (546, 3, 37, 1, 1, 1, 1, '2018-07-10 18:22:17');
INSERT INTO `roles_permissions` (`id`, `role_id`, `perm_cat_id`, `can_view`, `can_add`, `can_edit`, `can_delete`, `created_at`) VALUES (547, 3, 38, 1, 1, 1, 1, '2018-07-10 18:22:17');
INSERT INTO `roles_permissions` (`id`, `role_id`, `perm_cat_id`, `can_view`, `can_add`, `can_edit`, `can_delete`, `created_at`) VALUES (548, 3, 39, 1, 1, 1, 1, '2018-07-10 18:22:17');
INSERT INTO `roles_permissions` (`id`, `role_id`, `perm_cat_id`, `can_view`, `can_add`, `can_edit`, `can_delete`, `created_at`) VALUES (549, 3, 124, 1, 0, 0, 0, '2018-07-10 18:22:17');
INSERT INTO `roles_permissions` (`id`, `role_id`, `perm_cat_id`, `can_view`, `can_add`, `can_edit`, `can_delete`, `created_at`) VALUES (553, 6, 78, 1, 1, 1, 1, '2018-07-10 18:32:18');
INSERT INTO `roles_permissions` (`id`, `role_id`, `perm_cat_id`, `can_view`, `can_add`, `can_edit`, `can_delete`, `created_at`) VALUES (554, 6, 79, 1, 1, 0, 1, '2018-07-10 18:32:18');
INSERT INTO `roles_permissions` (`id`, `role_id`, `perm_cat_id`, `can_view`, `can_add`, `can_edit`, `can_delete`, `created_at`) VALUES (555, 6, 80, 1, 1, 1, 1, '2018-07-10 18:32:18');
INSERT INTO `roles_permissions` (`id`, `role_id`, `perm_cat_id`, `can_view`, `can_add`, `can_edit`, `can_delete`, `created_at`) VALUES (556, 6, 81, 1, 1, 1, 1, '2018-07-10 18:32:18');
INSERT INTO `roles_permissions` (`id`, `role_id`, `perm_cat_id`, `can_view`, `can_add`, `can_edit`, `can_delete`, `created_at`) VALUES (557, 6, 82, 1, 1, 1, 1, '2018-07-10 18:32:18');
INSERT INTO `roles_permissions` (`id`, `role_id`, `perm_cat_id`, `can_view`, `can_add`, `can_edit`, `can_delete`, `created_at`) VALUES (558, 6, 83, 1, 1, 1, 1, '2018-07-10 18:32:18');
INSERT INTO `roles_permissions` (`id`, `role_id`, `perm_cat_id`, `can_view`, `can_add`, `can_edit`, `can_delete`, `created_at`) VALUES (559, 6, 84, 1, 1, 1, 1, '2018-07-10 18:32:18');
INSERT INTO `roles_permissions` (`id`, `role_id`, `perm_cat_id`, `can_view`, `can_add`, `can_edit`, `can_delete`, `created_at`) VALUES (560, 6, 85, 1, 1, 1, 1, '2018-07-10 18:32:18');
INSERT INTO `roles_permissions` (`id`, `role_id`, `perm_cat_id`, `can_view`, `can_add`, `can_edit`, `can_delete`, `created_at`) VALUES (561, 6, 86, 1, 0, 0, 0, '2018-07-10 18:41:10');
INSERT INTO `roles_permissions` (`id`, `role_id`, `perm_cat_id`, `can_view`, `can_add`, `can_edit`, `can_delete`, `created_at`) VALUES (574, 6, 43, 1, 1, 1, 1, '2018-07-10 18:35:33');
INSERT INTO `roles_permissions` (`id`, `role_id`, `perm_cat_id`, `can_view`, `can_add`, `can_edit`, `can_delete`, `created_at`) VALUES (575, 6, 44, 1, 0, 0, 0, '2018-07-10 18:35:33');
INSERT INTO `roles_permissions` (`id`, `role_id`, `perm_cat_id`, `can_view`, `can_add`, `can_edit`, `can_delete`, `created_at`) VALUES (576, 6, 46, 1, 0, 0, 0, '2018-07-10 18:35:33');
INSERT INTO `roles_permissions` (`id`, `role_id`, `perm_cat_id`, `can_view`, `can_add`, `can_edit`, `can_delete`, `created_at`) VALUES (578, 6, 102, 1, 1, 1, 1, '2018-07-10 18:50:33');
INSERT INTO `roles_permissions` (`id`, `role_id`, `perm_cat_id`, `can_view`, `can_add`, `can_edit`, `can_delete`, `created_at`) VALUES (579, 4, 28, 1, 1, 1, 1, '2018-07-10 18:53:54');
INSERT INTO `roles_permissions` (`id`, `role_id`, `perm_cat_id`, `can_view`, `can_add`, `can_edit`, `can_delete`, `created_at`) VALUES (580, 4, 29, 1, 0, 0, 0, '2018-07-10 18:53:54');
INSERT INTO `roles_permissions` (`id`, `role_id`, `perm_cat_id`, `can_view`, `can_add`, `can_edit`, `can_delete`, `created_at`) VALUES (581, 4, 30, 1, 0, 0, 0, '2018-07-10 18:53:54');
INSERT INTO `roles_permissions` (`id`, `role_id`, `perm_cat_id`, `can_view`, `can_add`, `can_edit`, `can_delete`, `created_at`) VALUES (582, 4, 123, 1, 0, 0, 0, '2018-07-10 18:53:54');
INSERT INTO `roles_permissions` (`id`, `role_id`, `perm_cat_id`, `can_view`, `can_add`, `can_edit`, `can_delete`, `created_at`) VALUES (583, 4, 86, 1, 0, 0, 0, '2018-07-10 18:54:13');
INSERT INTO `roles_permissions` (`id`, `role_id`, `perm_cat_id`, `can_view`, `can_add`, `can_edit`, `can_delete`, `created_at`) VALUES (584, 4, 43, 1, 1, 1, 1, '2018-07-10 18:55:14');
INSERT INTO `roles_permissions` (`id`, `role_id`, `perm_cat_id`, `can_view`, `can_add`, `can_edit`, `can_delete`, `created_at`) VALUES (585, 4, 44, 1, 0, 0, 0, '2018-07-10 18:55:14');
INSERT INTO `roles_permissions` (`id`, `role_id`, `perm_cat_id`, `can_view`, `can_add`, `can_edit`, `can_delete`, `created_at`) VALUES (586, 4, 46, 1, 0, 0, 0, '2018-07-10 18:55:14');
INSERT INTO `roles_permissions` (`id`, `role_id`, `perm_cat_id`, `can_view`, `can_add`, `can_edit`, `can_delete`, `created_at`) VALUES (588, 2, 102, 1, 1, 1, 1, '2018-07-12 11:17:45');
INSERT INTO `roles_permissions` (`id`, `role_id`, `perm_cat_id`, `can_view`, `can_add`, `can_edit`, `can_delete`, `created_at`) VALUES (589, 2, 106, 1, 0, 0, 0, '2018-07-10 18:55:37');
INSERT INTO `roles_permissions` (`id`, `role_id`, `perm_cat_id`, `can_view`, `can_add`, `can_edit`, `can_delete`, `created_at`) VALUES (590, 2, 117, 1, 0, 0, 0, '2018-07-10 18:55:37');
INSERT INTO `roles_permissions` (`id`, `role_id`, `perm_cat_id`, `can_view`, `can_add`, `can_edit`, `can_delete`, `created_at`) VALUES (591, 3, 40, 1, 1, 1, 1, '2018-07-10 18:58:12');
INSERT INTO `roles_permissions` (`id`, `role_id`, `perm_cat_id`, `can_view`, `can_add`, `can_edit`, `can_delete`, `created_at`) VALUES (592, 3, 41, 1, 1, 1, 1, '2018-07-10 18:58:12');
INSERT INTO `roles_permissions` (`id`, `role_id`, `perm_cat_id`, `can_view`, `can_add`, `can_edit`, `can_delete`, `created_at`) VALUES (593, 3, 42, 1, 1, 1, 1, '2018-07-10 18:58:12');
INSERT INTO `roles_permissions` (`id`, `role_id`, `perm_cat_id`, `can_view`, `can_add`, `can_edit`, `can_delete`, `created_at`) VALUES (594, 3, 125, 1, 0, 0, 0, '2018-07-10 18:58:12');
INSERT INTO `roles_permissions` (`id`, `role_id`, `perm_cat_id`, `can_view`, `can_add`, `can_edit`, `can_delete`, `created_at`) VALUES (595, 3, 48, 1, 0, 0, 0, '2018-07-10 18:58:12');
INSERT INTO `roles_permissions` (`id`, `role_id`, `perm_cat_id`, `can_view`, `can_add`, `can_edit`, `can_delete`, `created_at`) VALUES (596, 3, 49, 1, 0, 0, 0, '2018-07-10 18:58:12');
INSERT INTO `roles_permissions` (`id`, `role_id`, `perm_cat_id`, `can_view`, `can_add`, `can_edit`, `can_delete`, `created_at`) VALUES (597, 3, 102, 1, 1, 1, 1, '2018-07-10 18:58:12');
INSERT INTO `roles_permissions` (`id`, `role_id`, `perm_cat_id`, `can_view`, `can_add`, `can_edit`, `can_delete`, `created_at`) VALUES (598, 3, 106, 1, 0, 0, 0, '2018-07-10 18:58:12');
INSERT INTO `roles_permissions` (`id`, `role_id`, `perm_cat_id`, `can_view`, `can_add`, `can_edit`, `can_delete`, `created_at`) VALUES (599, 3, 113, 1, 0, 0, 0, '2018-07-10 18:58:12');
INSERT INTO `roles_permissions` (`id`, `role_id`, `perm_cat_id`, `can_view`, `can_add`, `can_edit`, `can_delete`, `created_at`) VALUES (600, 3, 114, 1, 0, 0, 0, '2018-07-10 18:58:12');
INSERT INTO `roles_permissions` (`id`, `role_id`, `perm_cat_id`, `can_view`, `can_add`, `can_edit`, `can_delete`, `created_at`) VALUES (601, 3, 115, 1, 0, 0, 0, '2018-07-10 18:58:12');
INSERT INTO `roles_permissions` (`id`, `role_id`, `perm_cat_id`, `can_view`, `can_add`, `can_edit`, `can_delete`, `created_at`) VALUES (602, 3, 116, 1, 0, 0, 0, '2018-07-10 18:58:12');
INSERT INTO `roles_permissions` (`id`, `role_id`, `perm_cat_id`, `can_view`, `can_add`, `can_edit`, `can_delete`, `created_at`) VALUES (603, 3, 117, 1, 0, 0, 0, '2018-07-10 18:58:12');
INSERT INTO `roles_permissions` (`id`, `role_id`, `perm_cat_id`, `can_view`, `can_add`, `can_edit`, `can_delete`, `created_at`) VALUES (604, 3, 118, 1, 0, 0, 0, '2018-07-10 18:58:12');
INSERT INTO `roles_permissions` (`id`, `role_id`, `perm_cat_id`, `can_view`, `can_add`, `can_edit`, `can_delete`, `created_at`) VALUES (609, 6, 117, 1, 0, 0, 0, '2018-07-10 19:00:48');
INSERT INTO `roles_permissions` (`id`, `role_id`, `perm_cat_id`, `can_view`, `can_add`, `can_edit`, `can_delete`, `created_at`) VALUES (611, 2, 86, 1, 0, 0, 0, '2018-07-10 19:08:49');
INSERT INTO `roles_permissions` (`id`, `role_id`, `perm_cat_id`, `can_view`, `can_add`, `can_edit`, `can_delete`, `created_at`) VALUES (612, 1, 44, 1, 0, 0, 0, '2018-07-10 20:30:31');
INSERT INTO `roles_permissions` (`id`, `role_id`, `perm_cat_id`, `can_view`, `can_add`, `can_edit`, `can_delete`, `created_at`) VALUES (613, 1, 46, 1, 0, 0, 0, '2018-07-10 20:30:31');
INSERT INTO `roles_permissions` (`id`, `role_id`, `perm_cat_id`, `can_view`, `can_add`, `can_edit`, `can_delete`, `created_at`) VALUES (616, 1, 127, 1, 0, 0, 0, '2018-07-11 13:52:46');
INSERT INTO `roles_permissions` (`id`, `role_id`, `perm_cat_id`, `can_view`, `can_add`, `can_edit`, `can_delete`, `created_at`) VALUES (617, 2, 17, 1, 1, 1, 1, '2018-07-11 17:55:14');
INSERT INTO `roles_permissions` (`id`, `role_id`, `perm_cat_id`, `can_view`, `can_add`, `can_edit`, `can_delete`, `created_at`) VALUES (618, 2, 19, 1, 1, 1, 0, '2018-07-11 17:55:14');
INSERT INTO `roles_permissions` (`id`, `role_id`, `perm_cat_id`, `can_view`, `can_add`, `can_edit`, `can_delete`, `created_at`) VALUES (619, 2, 20, 1, 1, 1, 1, '2018-07-11 17:55:14');
INSERT INTO `roles_permissions` (`id`, `role_id`, `perm_cat_id`, `can_view`, `can_add`, `can_edit`, `can_delete`, `created_at`) VALUES (620, 2, 76, 1, 1, 1, 0, '2018-07-11 17:55:14');
INSERT INTO `roles_permissions` (`id`, `role_id`, `perm_cat_id`, `can_view`, `can_add`, `can_edit`, `can_delete`, `created_at`) VALUES (621, 2, 107, 1, 0, 0, 0, '2018-07-11 17:56:27');
INSERT INTO `roles_permissions` (`id`, `role_id`, `perm_cat_id`, `can_view`, `can_add`, `can_edit`, `can_delete`, `created_at`) VALUES (622, 2, 121, 1, 0, 0, 0, '2018-07-11 17:56:27');
INSERT INTO `roles_permissions` (`id`, `role_id`, `perm_cat_id`, `can_view`, `can_add`, `can_edit`, `can_delete`, `created_at`) VALUES (623, 2, 128, 0, 1, 0, 1, '2018-07-11 17:56:27');
INSERT INTO `roles_permissions` (`id`, `role_id`, `perm_cat_id`, `can_view`, `can_add`, `can_edit`, `can_delete`, `created_at`) VALUES (625, 1, 28, 1, 1, 1, 1, '2018-07-11 20:27:18');
INSERT INTO `roles_permissions` (`id`, `role_id`, `perm_cat_id`, `can_view`, `can_add`, `can_edit`, `can_delete`, `created_at`) VALUES (626, 6, 1, 1, 0, 0, 0, '2018-07-12 11:23:47');
INSERT INTO `roles_permissions` (`id`, `role_id`, `perm_cat_id`, `can_view`, `can_add`, `can_edit`, `can_delete`, `created_at`) VALUES (627, 6, 21, 1, 0, 0, 0, '2018-07-12 11:23:47');
INSERT INTO `roles_permissions` (`id`, `role_id`, `perm_cat_id`, `can_view`, `can_add`, `can_edit`, `can_delete`, `created_at`) VALUES (628, 6, 22, 1, 0, 0, 0, '2018-07-12 11:23:47');
INSERT INTO `roles_permissions` (`id`, `role_id`, `perm_cat_id`, `can_view`, `can_add`, `can_edit`, `can_delete`, `created_at`) VALUES (629, 6, 23, 1, 0, 0, 0, '2018-07-12 11:23:47');
INSERT INTO `roles_permissions` (`id`, `role_id`, `perm_cat_id`, `can_view`, `can_add`, `can_edit`, `can_delete`, `created_at`) VALUES (630, 6, 24, 1, 0, 0, 0, '2018-07-12 11:23:47');
INSERT INTO `roles_permissions` (`id`, `role_id`, `perm_cat_id`, `can_view`, `can_add`, `can_edit`, `can_delete`, `created_at`) VALUES (631, 6, 25, 1, 0, 0, 0, '2018-07-12 11:23:47');
INSERT INTO `roles_permissions` (`id`, `role_id`, `perm_cat_id`, `can_view`, `can_add`, `can_edit`, `can_delete`, `created_at`) VALUES (632, 6, 77, 1, 0, 0, 0, '2018-07-12 11:23:47');
INSERT INTO `roles_permissions` (`id`, `role_id`, `perm_cat_id`, `can_view`, `can_add`, `can_edit`, `can_delete`, `created_at`) VALUES (633, 6, 106, 1, 0, 0, 0, '2018-07-12 11:23:47');
INSERT INTO `roles_permissions` (`id`, `role_id`, `perm_cat_id`, `can_view`, `can_add`, `can_edit`, `can_delete`, `created_at`) VALUES (634, 4, 102, 1, 1, 1, 1, '2018-07-12 11:24:23');
INSERT INTO `roles_permissions` (`id`, `role_id`, `perm_cat_id`, `can_view`, `can_add`, `can_edit`, `can_delete`, `created_at`) VALUES (635, 4, 106, 1, 0, 0, 0, '2018-07-12 11:24:23');
INSERT INTO `roles_permissions` (`id`, `role_id`, `perm_cat_id`, `can_view`, `can_add`, `can_edit`, `can_delete`, `created_at`) VALUES (636, 4, 117, 1, 0, 0, 0, '2018-07-12 11:24:23');


#
# TABLE STRUCTURE FOR: room_types
#

DROP TABLE IF EXISTS `room_types`;

CREATE TABLE `room_types` (
  `id` int(11) NOT NULL AUTO_INCREMENT,
  `room_type` varchar(200) DEFAULT NULL,
  `description` text,
  `created_at` timestamp NOT NULL DEFAULT CURRENT_TIMESTAMP ON UPDATE CURRENT_TIMESTAMP,
  `updated_at` timestamp NOT NULL DEFAULT '0000-00-00 00:00:00',
  PRIMARY KEY (`id`)
) ENGINE=InnoDB AUTO_INCREMENT=2 DEFAULT CHARSET=utf8;

INSERT INTO `room_types` (`id`, `room_type`, `description`, `created_at`, `updated_at`) VALUES (1, 'Furnished', '', '2019-04-17 21:56:15', '0000-00-00 00:00:00');


#
# TABLE STRUCTURE FOR: sch_settings
#

DROP TABLE IF EXISTS `sch_settings`;

CREATE TABLE `sch_settings` (
  `id` int(11) NOT NULL,
  `name` varchar(100) DEFAULT NULL,
  `email` varchar(100) DEFAULT NULL,
  `phone` varchar(50) DEFAULT NULL,
  `address` text,
  `lang_id` int(11) DEFAULT NULL,
  `dise_code` varchar(50) DEFAULT NULL,
  `date_format` varchar(50) NOT NULL,
  `currency` varchar(50) NOT NULL,
  `currency_symbol` varchar(50) NOT NULL,
  `is_rtl` varchar(10) DEFAULT 'disabled',
  `timezone` varchar(30) DEFAULT 'UTC',
  `session_id` int(11) DEFAULT NULL,
  `start_month` varchar(40) NOT NULL,
  `image` varchar(100) DEFAULT NULL,
  `theme` varchar(200) NOT NULL DEFAULT 'default.jpg',
  `is_active` varchar(255) DEFAULT 'no',
  `created_at` timestamp NOT NULL DEFAULT CURRENT_TIMESTAMP ON UPDATE CURRENT_TIMESTAMP,
  `updated_at` timestamp NOT NULL DEFAULT '0000-00-00 00:00:00',
  `cron_secret_key` varchar(100) NOT NULL,
  `fee_due_days` int(3) DEFAULT '0',
  `class_teacher` varchar(100) NOT NULL,
  KEY `lang_id` (`lang_id`),
  KEY `session_id` (`session_id`)
) ENGINE=InnoDB DEFAULT CHARSET=utf8;

INSERT INTO `sch_settings` (`id`, `name`, `email`, `phone`, `address`, `lang_id`, `dise_code`, `date_format`, `currency`, `currency_symbol`, `is_rtl`, `timezone`, `session_id`, `start_month`, `image`, `theme`, `is_active`, `created_at`, `updated_at`, `cron_secret_key`, `fee_due_days`, `class_teacher`) VALUES (1, 'Isys Next Technofuture', 'email@yoursite.com', 'School Phone', '56 dukan', 4, '5001', 'm/d/Y', 'INR', 'Rs.', 'disabled', 'UTC', 13, '4', '1.jpg', 'red.jpg', 'no', '2019-04-17 22:04:35', '0000-00-00 00:00:00', '', 60, 'yes');


#
# TABLE STRUCTURE FOR: school_houses
#

DROP TABLE IF EXISTS `school_houses`;

CREATE TABLE `school_houses` (
  `id` int(11) NOT NULL AUTO_INCREMENT,
  `house_name` varchar(200) NOT NULL,
  `description` varchar(400) NOT NULL,
  `is_active` varchar(50) NOT NULL,
  PRIMARY KEY (`id`)
) ENGINE=InnoDB AUTO_INCREMENT=6 DEFAULT CHARSET=utf8;

INSERT INTO `school_houses` (`id`, `house_name`, `description`, `is_active`) VALUES (2, 'Red', 'Glow', 'yes');
INSERT INTO `school_houses` (`id`, `house_name`, `description`, `is_active`) VALUES (3, 'Blue', 'High', 'yes');
INSERT INTO `school_houses` (`id`, `house_name`, `description`, `is_active`) VALUES (4, 'Green', 'Healthy', 'yes');
INSERT INTO `school_houses` (`id`, `house_name`, `description`, `is_active`) VALUES (5, 'Yellow', 'fellow', 'yes');


#
# TABLE STRUCTURE FOR: sections
#

DROP TABLE IF EXISTS `sections`;

CREATE TABLE `sections` (
  `id` int(11) NOT NULL AUTO_INCREMENT,
  `section` varchar(60) DEFAULT NULL,
  `is_active` varchar(255) DEFAULT 'no',
  `created_at` timestamp NOT NULL DEFAULT CURRENT_TIMESTAMP ON UPDATE CURRENT_TIMESTAMP,
  `updated_at` timestamp NOT NULL DEFAULT '0000-00-00 00:00:00',
  PRIMARY KEY (`id`)
) ENGINE=InnoDB AUTO_INCREMENT=4 DEFAULT CHARSET=utf8;

INSERT INTO `sections` (`id`, `section`, `is_active`, `created_at`, `updated_at`) VALUES (1, 'A', 'no', '2019-03-06 23:07:09', '0000-00-00 00:00:00');
INSERT INTO `sections` (`id`, `section`, `is_active`, `created_at`, `updated_at`) VALUES (2, 'B', 'no', '2019-04-16 18:41:33', '0000-00-00 00:00:00');
INSERT INTO `sections` (`id`, `section`, `is_active`, `created_at`, `updated_at`) VALUES (3, 'C', 'no', '2019-04-16 18:41:41', '0000-00-00 00:00:00');


#
# TABLE STRUCTURE FOR: send_notification
#

DROP TABLE IF EXISTS `send_notification`;

CREATE TABLE `send_notification` (
  `id` int(11) NOT NULL AUTO_INCREMENT,
  `title` varchar(50) DEFAULT NULL,
  `publish_date` date DEFAULT NULL,
  `date` date DEFAULT NULL,
  `message` text,
  `visible_student` varchar(10) NOT NULL DEFAULT 'no',
  `visible_staff` varchar(10) NOT NULL DEFAULT 'no',
  `visible_parent` varchar(10) NOT NULL DEFAULT 'no',
  `created_by` varchar(60) DEFAULT NULL,
  `created_id` int(11) DEFAULT NULL,
  `is_active` varchar(255) DEFAULT 'no',
  `created_at` timestamp NOT NULL DEFAULT CURRENT_TIMESTAMP ON UPDATE CURRENT_TIMESTAMP,
  `updated_at` timestamp NOT NULL DEFAULT '0000-00-00 00:00:00',
  PRIMARY KEY (`id`)
) ENGINE=InnoDB AUTO_INCREMENT=4 DEFAULT CHARSET=utf8;

INSERT INTO `send_notification` (`id`, `title`, `publish_date`, `date`, `message`, `visible_student`, `visible_staff`, `visible_parent`, `created_by`, `created_id`, `is_active`, `created_at`, `updated_at`) VALUES (1, 'School Fest', '2019-04-01', '2019-04-01', '<p><b>Coming Soon</b><br></p>', 'Yes', 'Yes', 'No', 'admin', 1, 'no', '2019-04-17 21:50:03', '0000-00-00 00:00:00');
INSERT INTO `send_notification` (`id`, `title`, `publish_date`, `date`, `message`, `visible_student`, `visible_staff`, `visible_parent`, `created_by`, `created_id`, `is_active`, `created_at`, `updated_at`) VALUES (2, 'Annual Fuction', '2019-04-18', '2019-04-18', '<p>All Students need to participate in the program</p><p><b>Time - 4 PM - 9</b><b>PM</b></p><p></p>', 'Yes', 'Yes', 'Yes', 'admin', 1, 'no', '2019-04-18 14:27:52', '0000-00-00 00:00:00');
INSERT INTO `send_notification` (`id`, `title`, `publish_date`, `date`, `message`, `visible_student`, `visible_staff`, `visible_parent`, `created_by`, `created_id`, `is_active`, `created_at`, `updated_at`) VALUES (3, 'Meeting', '2019-04-18', '2019-04-18', '<p>All staff need to come in conference hall for a shot meeting with the Director of the School.</p><p>Thanks</p>', 'No', 'Yes', 'No', 'admin', 1, 'no', '2019-04-18 14:30:00', '0000-00-00 00:00:00');


#
# TABLE STRUCTURE FOR: sessions
#

DROP TABLE IF EXISTS `sessions`;

CREATE TABLE `sessions` (
  `id` int(11) NOT NULL AUTO_INCREMENT,
  `session` varchar(60) DEFAULT NULL,
  `is_active` varchar(255) DEFAULT 'no',
  `created_at` timestamp NOT NULL DEFAULT CURRENT_TIMESTAMP ON UPDATE CURRENT_TIMESTAMP,
  `updated_at` timestamp NOT NULL DEFAULT '0000-00-00 00:00:00',
  PRIMARY KEY (`id`)
) ENGINE=InnoDB AUTO_INCREMENT=26 DEFAULT CHARSET=utf8;

INSERT INTO `sessions` (`id`, `session`, `is_active`, `created_at`, `updated_at`) VALUES (7, '2016-17', 'no', '2017-04-20 12:12:19', '0000-00-00 00:00:00');
INSERT INTO `sessions` (`id`, `session`, `is_active`, `created_at`, `updated_at`) VALUES (11, '2017-18', 'no', '2017-04-20 12:11:37', '0000-00-00 00:00:00');
INSERT INTO `sessions` (`id`, `session`, `is_active`, `created_at`, `updated_at`) VALUES (13, '2018-19', 'no', '2016-08-25 00:56:44', '0000-00-00 00:00:00');
INSERT INTO `sessions` (`id`, `session`, `is_active`, `created_at`, `updated_at`) VALUES (14, '2019-20', 'no', '2016-08-25 00:56:55', '0000-00-00 00:00:00');
INSERT INTO `sessions` (`id`, `session`, `is_active`, `created_at`, `updated_at`) VALUES (15, '2020-21', 'no', '2016-10-01 10:58:08', '0000-00-00 00:00:00');
INSERT INTO `sessions` (`id`, `session`, `is_active`, `created_at`, `updated_at`) VALUES (16, '2021-22', 'no', '2016-10-01 10:58:20', '0000-00-00 00:00:00');
INSERT INTO `sessions` (`id`, `session`, `is_active`, `created_at`, `updated_at`) VALUES (18, '2022-23', 'no', '2016-10-01 10:59:02', '0000-00-00 00:00:00');
INSERT INTO `sessions` (`id`, `session`, `is_active`, `created_at`, `updated_at`) VALUES (19, '2023-24', 'no', '2016-10-01 10:59:10', '0000-00-00 00:00:00');
INSERT INTO `sessions` (`id`, `session`, `is_active`, `created_at`, `updated_at`) VALUES (20, '2024-25', 'no', '2016-10-01 10:59:18', '0000-00-00 00:00:00');
INSERT INTO `sessions` (`id`, `session`, `is_active`, `created_at`, `updated_at`) VALUES (21, '2025-26', 'no', '2016-10-01 11:00:10', '0000-00-00 00:00:00');
INSERT INTO `sessions` (`id`, `session`, `is_active`, `created_at`, `updated_at`) VALUES (22, '2026-27', 'no', '2016-10-01 11:00:18', '0000-00-00 00:00:00');
INSERT INTO `sessions` (`id`, `session`, `is_active`, `created_at`, `updated_at`) VALUES (23, '2027-28', 'no', '2016-10-01 11:00:24', '0000-00-00 00:00:00');
INSERT INTO `sessions` (`id`, `session`, `is_active`, `created_at`, `updated_at`) VALUES (24, '2028-29', 'no', '2016-10-01 11:00:30', '0000-00-00 00:00:00');
INSERT INTO `sessions` (`id`, `session`, `is_active`, `created_at`, `updated_at`) VALUES (25, '2029-30', 'no', '2016-10-01 11:00:37', '0000-00-00 00:00:00');


#
# TABLE STRUCTURE FOR: sms_config
#

DROP TABLE IF EXISTS `sms_config`;

CREATE TABLE `sms_config` (
  `id` int(11) NOT NULL AUTO_INCREMENT,
  `type` varchar(50) NOT NULL,
  `name` varchar(100) NOT NULL,
  `api_id` varchar(100) NOT NULL,
  `authkey` varchar(100) NOT NULL,
  `senderid` varchar(100) NOT NULL,
  `contact` text,
  `username` varchar(150) DEFAULT NULL,
  `url` varchar(150) DEFAULT NULL,
  `password` varchar(150) DEFAULT NULL,
  `is_active` varchar(255) DEFAULT 'disabled',
  `created_at` timestamp NOT NULL DEFAULT CURRENT_TIMESTAMP ON UPDATE CURRENT_TIMESTAMP,
  `updated_at` timestamp NOT NULL DEFAULT '0000-00-00 00:00:00',
  PRIMARY KEY (`id`)
) ENGINE=InnoDB DEFAULT CHARSET=utf8;

#
# TABLE STRUCTURE FOR: source
#

DROP TABLE IF EXISTS `source`;

CREATE TABLE `source` (
  `id` int(11) NOT NULL AUTO_INCREMENT,
  `source` varchar(100) NOT NULL,
  `description` mediumtext NOT NULL,
  PRIMARY KEY (`id`)
) ENGINE=InnoDB AUTO_INCREMENT=3 DEFAULT CHARSET=utf8;

INSERT INTO `source` (`id`, `source`, `description`) VALUES (1, 'News Paper', 'Saw the post in Classified section ');
INSERT INTO `source` (`id`, `source`, `description`) VALUES (2, 'Message', 'Got message from the admin dept. for admission.');


#
# TABLE STRUCTURE FOR: staff
#

DROP TABLE IF EXISTS `staff`;

CREATE TABLE `staff` (
  `id` int(11) NOT NULL AUTO_INCREMENT,
  `employee_id` varchar(200) NOT NULL,
  `department` varchar(100) NOT NULL,
  `designation` varchar(100) NOT NULL,
  `qualification` varchar(200) NOT NULL,
  `work_exp` varchar(200) NOT NULL,
  `name` varchar(200) NOT NULL,
  `surname` varchar(200) NOT NULL,
  `father_name` varchar(200) NOT NULL,
  `mother_name` varchar(200) NOT NULL,
  `contact_no` varchar(200) NOT NULL,
  `emergency_contact_no` varchar(200) NOT NULL,
  `email` varchar(200) NOT NULL,
  `dob` date NOT NULL,
  `marital_status` varchar(100) NOT NULL,
  `date_of_joining` date NOT NULL,
  `date_of_leaving` date NOT NULL,
  `local_address` varchar(300) NOT NULL,
  `permanent_address` varchar(200) NOT NULL,
  `note` varchar(200) NOT NULL,
  `image` varchar(200) NOT NULL,
  `password` varchar(250) NOT NULL,
  `gender` varchar(50) NOT NULL,
  `account_title` varchar(200) NOT NULL,
  `bank_account_no` varchar(200) NOT NULL,
  `bank_name` varchar(200) NOT NULL,
  `ifsc_code` varchar(200) NOT NULL,
  `bank_branch` varchar(100) NOT NULL,
  `payscale` varchar(200) NOT NULL,
  `basic_salary` varchar(200) NOT NULL,
  `epf_no` varchar(200) NOT NULL,
  `contract_type` varchar(100) NOT NULL,
  `shift` varchar(100) NOT NULL,
  `location` varchar(100) NOT NULL,
  `facebook` varchar(200) NOT NULL,
  `twitter` varchar(200) NOT NULL,
  `linkedin` varchar(200) NOT NULL,
  `instagram` varchar(200) NOT NULL,
  `resume` varchar(200) NOT NULL,
  `joining_letter` varchar(200) NOT NULL,
  `resignation_letter` varchar(200) NOT NULL,
  `other_document_name` varchar(200) NOT NULL,
  `other_document_file` varchar(200) NOT NULL,
  `user_id` int(11) NOT NULL,
  `is_active` int(11) NOT NULL,
  `verification_code` varchar(100) NOT NULL,
  PRIMARY KEY (`id`),
  UNIQUE KEY `employee_id` (`employee_id`)
) ENGINE=InnoDB AUTO_INCREMENT=4 DEFAULT CHARSET=utf8;

INSERT INTO `staff` (`id`, `employee_id`, `department`, `designation`, `qualification`, `work_exp`, `name`, `surname`, `father_name`, `mother_name`, `contact_no`, `emergency_contact_no`, `email`, `dob`, `marital_status`, `date_of_joining`, `date_of_leaving`, `local_address`, `permanent_address`, `note`, `image`, `password`, `gender`, `account_title`, `bank_account_no`, `bank_name`, `ifsc_code`, `bank_branch`, `payscale`, `basic_salary`, `epf_no`, `contract_type`, `shift`, `location`, `facebook`, `twitter`, `linkedin`, `instagram`, `resume`, `joining_letter`, `resignation_letter`, `other_document_name`, `other_document_file`, `user_id`, `is_active`, `verification_code`) VALUES (1, '', '', '', '', '', 'Super Admin', '', '', '', '', '', 'admin@gmail.com', '0000-00-00', '', '0000-00-00', '0000-00-00', '', '', '', '', '$2y$10$A6kTVRMwZIqGP3UhR1JIYedylu8k/nPYLcYF8MeVOMlavvbeZsC2u', '', '', '', '', '', '', '', '', '', '', '', '', '', '', '', '', '', '', '', '', '', 0, 1, '');
INSERT INTO `staff` (`id`, `employee_id`, `department`, `designation`, `qualification`, `work_exp`, `name`, `surname`, `father_name`, `mother_name`, `contact_no`, `emergency_contact_no`, `email`, `dob`, `marital_status`, `date_of_joining`, `date_of_leaving`, `local_address`, `permanent_address`, `note`, `image`, `password`, `gender`, `account_title`, `bank_account_no`, `bank_name`, `ifsc_code`, `bank_branch`, `payscale`, `basic_salary`, `epf_no`, `contract_type`, `shift`, `location`, `facebook`, `twitter`, `linkedin`, `instagram`, `resume`, `joining_letter`, `resignation_letter`, `other_document_name`, `other_document_file`, `user_id`, `is_active`, `verification_code`) VALUES (2, '10001', '1', '1', 'B.E ', '2+ year experience', 'Shashi', 'Vani', 'Chandulal', 'Kiran', '9179388646', '8770669865', 'shashivani01@gmail.com', '1996-05-11', 'Single', '2019-04-01', '0000-00-00', '56 dukan', '56 dukan', '', 'uploads/staff_images/2.jpg', '$2y$10$fD3/lHKB4m/FlTFUoMgX2.aGbLoM8apFgsYe.wJI0CndNn0uTEAHO', 'Male', 'shashikant vani', '131206541', 'State  Bank of India', 'SBIN0005500', 'Indore', '', '26000', '1520', 'permanent', '8', 'Indore', '', '', '', '', '', '', '', 'Other Document', '', 0, 1, '');
INSERT INTO `staff` (`id`, `employee_id`, `department`, `designation`, `qualification`, `work_exp`, `name`, `surname`, `father_name`, `mother_name`, `contact_no`, `emergency_contact_no`, `email`, `dob`, `marital_status`, `date_of_joining`, `date_of_leaving`, `local_address`, `permanent_address`, `note`, `image`, `password`, `gender`, `account_title`, `bank_account_no`, `bank_name`, `ifsc_code`, `bank_branch`, `payscale`, `basic_salary`, `epf_no`, `contract_type`, `shift`, `location`, `facebook`, `twitter`, `linkedin`, `instagram`, `resume`, `joining_letter`, `resignation_letter`, `other_document_name`, `other_document_file`, `user_id`, `is_active`, `verification_code`) VALUES (3, '111', '1', '2', '', '3', 'Arti', 'Soni', 'XYZ', 'ABC', '1234567891', '12345647891', 'soni93@gmail.com', '1993-02-02', 'Single', '2018-04-01', '0000-00-00', '56 dukan', '56 dukan', '', '', '$2y$10$q7JCbgsb.Qv4f22y4yS8z.yJNR94C5LuNwyP/e3MbRlXcmVdkU6K2', 'Female', '', '', '', '', '', '', '', '', '', '', '', '', '', '', '', '', '', '', '', '', 0, 1, 'TFNYUmJYRTdoUlhBSjZIczF1MW41eGJMT3hhUytERWVZZVo0MGw5V0V6Zz0=');


#
# TABLE STRUCTURE FOR: staff_attendance
#

DROP TABLE IF EXISTS `staff_attendance`;

CREATE TABLE `staff_attendance` (
  `id` int(11) NOT NULL AUTO_INCREMENT,
  `date` date NOT NULL,
  `staff_id` int(11) NOT NULL,
  `staff_attendance_type_id` int(11) NOT NULL,
  `remark` varchar(200) NOT NULL,
  `is_active` int(11) NOT NULL,
  `created_at` datetime NOT NULL,
  `updated_at` int(11) NOT NULL,
  PRIMARY KEY (`id`)
) ENGINE=InnoDB AUTO_INCREMENT=3 DEFAULT CHARSET=utf8;

INSERT INTO `staff_attendance` (`id`, `date`, `staff_id`, `staff_attendance_type_id`, `remark`, `is_active`, `created_at`, `updated_at`) VALUES (1, '2019-04-17', 2, 1, '', 0, '0000-00-00 00:00:00', 0);
INSERT INTO `staff_attendance` (`id`, `date`, `staff_id`, `staff_attendance_type_id`, `remark`, `is_active`, `created_at`, `updated_at`) VALUES (2, '2019-04-17', 3, 1, '', 0, '0000-00-00 00:00:00', 0);


#
# TABLE STRUCTURE FOR: staff_attendance_type
#

DROP TABLE IF EXISTS `staff_attendance_type`;

CREATE TABLE `staff_attendance_type` (
  `id` int(11) NOT NULL AUTO_INCREMENT,
  `type` varchar(200) NOT NULL,
  `key_value` varchar(200) NOT NULL,
  `is_active` varchar(50) NOT NULL,
  `created_at` timestamp NOT NULL DEFAULT CURRENT_TIMESTAMP ON UPDATE CURRENT_TIMESTAMP,
  `updated_at` timestamp NOT NULL DEFAULT '0000-00-00 00:00:00',
  PRIMARY KEY (`id`)
) ENGINE=InnoDB AUTO_INCREMENT=6 DEFAULT CHARSET=utf8;

INSERT INTO `staff_attendance_type` (`id`, `type`, `key_value`, `is_active`, `created_at`, `updated_at`) VALUES (1, 'Present', '<b class=\"text text-success\">P</b>', 'yes', '0000-00-00 00:00:00', '0000-00-00 00:00:00');
INSERT INTO `staff_attendance_type` (`id`, `type`, `key_value`, `is_active`, `created_at`, `updated_at`) VALUES (2, 'Late', '<b class=\"text text-warning\">L</b>', 'yes', '0000-00-00 00:00:00', '0000-00-00 00:00:00');
INSERT INTO `staff_attendance_type` (`id`, `type`, `key_value`, `is_active`, `created_at`, `updated_at`) VALUES (3, 'Absent', '<b class=\"text text-danger\">A</b>', 'yes', '0000-00-00 00:00:00', '0000-00-00 00:00:00');
INSERT INTO `staff_attendance_type` (`id`, `type`, `key_value`, `is_active`, `created_at`, `updated_at`) VALUES (4, 'Half Day', '<b class=\"text text-warning\">F</b>', 'yes', '2018-05-07 07:26:16', '0000-00-00 00:00:00');
INSERT INTO `staff_attendance_type` (`id`, `type`, `key_value`, `is_active`, `created_at`, `updated_at`) VALUES (5, 'Holiday', 'H', 'yes', '0000-00-00 00:00:00', '0000-00-00 00:00:00');


#
# TABLE STRUCTURE FOR: staff_designation
#

DROP TABLE IF EXISTS `staff_designation`;

CREATE TABLE `staff_designation` (
  `id` int(11) NOT NULL AUTO_INCREMENT,
  `designation` varchar(200) NOT NULL,
  `is_active` varchar(100) NOT NULL,
  PRIMARY KEY (`id`)
) ENGINE=InnoDB AUTO_INCREMENT=4 DEFAULT CHARSET=utf8;

INSERT INTO `staff_designation` (`id`, `designation`, `is_active`) VALUES (1, 'English', 'yes');
INSERT INTO `staff_designation` (`id`, `designation`, `is_active`) VALUES (2, 'Mathematics', 'yes');
INSERT INTO `staff_designation` (`id`, `designation`, `is_active`) VALUES (3, 'Hindi', 'yes');


#
# TABLE STRUCTURE FOR: staff_leave_details
#

DROP TABLE IF EXISTS `staff_leave_details`;

CREATE TABLE `staff_leave_details` (
  `id` int(11) NOT NULL AUTO_INCREMENT,
  `staff_id` int(11) NOT NULL,
  `leave_type_id` int(11) NOT NULL,
  `alloted_leave` varchar(100) NOT NULL,
  PRIMARY KEY (`id`)
) ENGINE=InnoDB AUTO_INCREMENT=4 DEFAULT CHARSET=utf8;

INSERT INTO `staff_leave_details` (`id`, `staff_id`, `leave_type_id`, `alloted_leave`) VALUES (1, 2, 1, '12');
INSERT INTO `staff_leave_details` (`id`, `staff_id`, `leave_type_id`, `alloted_leave`) VALUES (2, 2, 2, '12');
INSERT INTO `staff_leave_details` (`id`, `staff_id`, `leave_type_id`, `alloted_leave`) VALUES (3, 2, 3, '12');


#
# TABLE STRUCTURE FOR: staff_leave_request
#

DROP TABLE IF EXISTS `staff_leave_request`;

CREATE TABLE `staff_leave_request` (
  `id` int(11) NOT NULL AUTO_INCREMENT,
  `staff_id` int(11) NOT NULL,
  `leave_type_id` int(11) NOT NULL,
  `leave_from` date NOT NULL,
  `leave_to` date NOT NULL,
  `leave_days` int(11) NOT NULL,
  `employee_remark` varchar(200) NOT NULL,
  `admin_remark` varchar(200) NOT NULL,
  `status` varchar(100) NOT NULL,
  `applied_by` varchar(200) NOT NULL,
  `document_file` varchar(200) NOT NULL,
  `date` date NOT NULL,
  PRIMARY KEY (`id`)
) ENGINE=InnoDB DEFAULT CHARSET=utf8;

#
# TABLE STRUCTURE FOR: staff_payroll
#

DROP TABLE IF EXISTS `staff_payroll`;

CREATE TABLE `staff_payroll` (
  `id` int(11) NOT NULL AUTO_INCREMENT,
  `basic_salary` int(11) NOT NULL,
  `pay_scale` varchar(200) NOT NULL,
  `grade` varchar(50) NOT NULL,
  `is_active` varchar(50) NOT NULL,
  PRIMARY KEY (`id`)
) ENGINE=InnoDB DEFAULT CHARSET=utf8;

#
# TABLE STRUCTURE FOR: staff_payslip
#

DROP TABLE IF EXISTS `staff_payslip`;

CREATE TABLE `staff_payslip` (
  `id` int(11) NOT NULL AUTO_INCREMENT,
  `staff_id` int(11) NOT NULL,
  `basic` int(11) NOT NULL,
  `total_allowance` int(11) NOT NULL,
  `total_deduction` int(11) NOT NULL,
  `leave_deduction` int(11) NOT NULL,
  `tax` varchar(200) NOT NULL,
  `net_salary` int(11) NOT NULL,
  `status` varchar(100) NOT NULL,
  `month` varchar(200) NOT NULL,
  `year` varchar(200) NOT NULL,
  `payment_mode` varchar(200) NOT NULL,
  `payment_date` date NOT NULL,
  `remark` varchar(200) NOT NULL,
  PRIMARY KEY (`id`)
) ENGINE=InnoDB AUTO_INCREMENT=2 DEFAULT CHARSET=utf8;

INSERT INTO `staff_payslip` (`id`, `staff_id`, `basic`, `total_allowance`, `total_deduction`, `leave_deduction`, `tax`, `net_salary`, `status`, `month`, `year`, `payment_mode`, `payment_date`, `remark`) VALUES (1, 2, 26000, 29000, 1000, 0, '0', 54000, 'paid', 'March', '2019', 'online', '2019-04-17', '');


#
# TABLE STRUCTURE FOR: staff_roles
#

DROP TABLE IF EXISTS `staff_roles`;

CREATE TABLE `staff_roles` (
  `id` int(11) NOT NULL AUTO_INCREMENT,
  `role_id` int(11) DEFAULT NULL,
  `staff_id` int(11) DEFAULT NULL,
  `is_active` int(11) DEFAULT '0',
  `created_at` timestamp NOT NULL DEFAULT CURRENT_TIMESTAMP ON UPDATE CURRENT_TIMESTAMP,
  `updated_at` timestamp NOT NULL DEFAULT '0000-00-00 00:00:00',
  PRIMARY KEY (`id`),
  KEY `role_id` (`role_id`),
  KEY `staff_id` (`staff_id`)
) ENGINE=InnoDB AUTO_INCREMENT=4 DEFAULT CHARSET=utf8;

INSERT INTO `staff_roles` (`id`, `role_id`, `staff_id`, `is_active`, `created_at`, `updated_at`) VALUES (1, 7, 1, 0, '2018-11-15 15:24:51', '0000-00-00 00:00:00');
INSERT INTO `staff_roles` (`id`, `role_id`, `staff_id`, `is_active`, `created_at`, `updated_at`) VALUES (2, 2, 2, 0, '2019-04-16 18:50:37', '0000-00-00 00:00:00');
INSERT INTO `staff_roles` (`id`, `role_id`, `staff_id`, `is_active`, `created_at`, `updated_at`) VALUES (3, 2, 3, 0, '2019-04-17 18:46:48', '0000-00-00 00:00:00');


#
# TABLE STRUCTURE FOR: staff_timeline
#

DROP TABLE IF EXISTS `staff_timeline`;

CREATE TABLE `staff_timeline` (
  `id` int(11) NOT NULL AUTO_INCREMENT,
  `staff_id` int(11) NOT NULL,
  `title` varchar(200) NOT NULL,
  `timeline_date` date NOT NULL,
  `description` varchar(300) NOT NULL,
  `document` varchar(200) NOT NULL,
  `status` varchar(200) NOT NULL,
  `date` date NOT NULL,
  PRIMARY KEY (`id`)
) ENGINE=InnoDB DEFAULT CHARSET=utf8;

#
# TABLE STRUCTURE FOR: student_attendences
#

DROP TABLE IF EXISTS `student_attendences`;

CREATE TABLE `student_attendences` (
  `id` int(11) NOT NULL AUTO_INCREMENT,
  `student_session_id` int(11) DEFAULT NULL,
  `date` date DEFAULT NULL,
  `attendence_type_id` int(11) DEFAULT NULL,
  `remark` varchar(200) NOT NULL,
  `is_active` varchar(255) DEFAULT 'no',
  `created_at` timestamp NOT NULL DEFAULT CURRENT_TIMESTAMP ON UPDATE CURRENT_TIMESTAMP,
  `updated_at` timestamp NOT NULL DEFAULT '0000-00-00 00:00:00',
  PRIMARY KEY (`id`),
  KEY `student_session_id` (`student_session_id`),
  KEY `attendence_type_id` (`attendence_type_id`)
) ENGINE=InnoDB AUTO_INCREMENT=2 DEFAULT CHARSET=utf8;

INSERT INTO `student_attendences` (`id`, `student_session_id`, `date`, `attendence_type_id`, `remark`, `is_active`, `created_at`, `updated_at`) VALUES (1, 1, '2019-04-17', 1, '', 'no', '2019-04-17 18:16:43', '0000-00-00 00:00:00');


#
# TABLE STRUCTURE FOR: student_doc
#

DROP TABLE IF EXISTS `student_doc`;

CREATE TABLE `student_doc` (
  `id` int(11) NOT NULL AUTO_INCREMENT,
  `student_id` int(11) DEFAULT NULL,
  `title` varchar(200) DEFAULT NULL,
  `doc` varchar(200) DEFAULT NULL,
  PRIMARY KEY (`id`)
) ENGINE=InnoDB DEFAULT CHARSET=utf8;

#
# TABLE STRUCTURE FOR: student_fees
#

DROP TABLE IF EXISTS `student_fees`;

CREATE TABLE `student_fees` (
  `id` int(11) NOT NULL AUTO_INCREMENT,
  `student_session_id` int(11) DEFAULT NULL,
  `feemaster_id` int(11) DEFAULT NULL,
  `amount` float(10,2) DEFAULT NULL,
  `amount_discount` float(10,2) NOT NULL,
  `amount_fine` float(10,2) NOT NULL DEFAULT '0.00',
  `description` text,
  `date` date DEFAULT '0000-00-00',
  `payment_mode` varchar(50) NOT NULL,
  `is_active` varchar(255) DEFAULT 'no',
  `created_at` timestamp NOT NULL DEFAULT CURRENT_TIMESTAMP ON UPDATE CURRENT_TIMESTAMP,
  `updated_at` timestamp NOT NULL DEFAULT '0000-00-00 00:00:00',
  PRIMARY KEY (`id`)
) ENGINE=InnoDB DEFAULT CHARSET=utf8;

#
# TABLE STRUCTURE FOR: student_fees_deposite
#

DROP TABLE IF EXISTS `student_fees_deposite`;

CREATE TABLE `student_fees_deposite` (
  `id` int(11) NOT NULL AUTO_INCREMENT,
  `student_fees_master_id` int(11) DEFAULT NULL,
  `fee_groups_feetype_id` int(11) DEFAULT NULL,
  `amount_detail` text,
  `is_active` varchar(10) NOT NULL DEFAULT 'no',
  `created_at` timestamp NOT NULL DEFAULT CURRENT_TIMESTAMP ON UPDATE CURRENT_TIMESTAMP,
  PRIMARY KEY (`id`),
  KEY `student_fees_master_id` (`student_fees_master_id`),
  KEY `fee_groups_feetype_id` (`fee_groups_feetype_id`)
) ENGINE=InnoDB AUTO_INCREMENT=2 DEFAULT CHARSET=utf8;

INSERT INTO `student_fees_deposite` (`id`, `student_fees_master_id`, `fee_groups_feetype_id`, `amount_detail`, `is_active`, `created_at`) VALUES (1, 1, 5, '{\"1\":{\"amount\":\"31000.00\",\"date\":\"2019-04-17\",\"amount_discount\":\"2000.00\",\"amount_fine\":\"0\",\"description\":\" Collected By: Super Admin\",\"payment_mode\":\"Cheque\",\"inv_no\":1}}', 'no', '2019-04-17 18:03:27');


#
# TABLE STRUCTURE FOR: student_fees_discounts
#

DROP TABLE IF EXISTS `student_fees_discounts`;

CREATE TABLE `student_fees_discounts` (
  `id` int(11) NOT NULL AUTO_INCREMENT,
  `student_session_id` int(11) DEFAULT NULL,
  `fees_discount_id` int(11) DEFAULT NULL,
  `status` varchar(20) DEFAULT 'assigned',
  `payment_id` varchar(50) DEFAULT NULL,
  `description` text,
  `is_active` varchar(10) NOT NULL DEFAULT 'no',
  `created_at` timestamp NOT NULL DEFAULT CURRENT_TIMESTAMP ON UPDATE CURRENT_TIMESTAMP,
  PRIMARY KEY (`id`),
  KEY `student_session_id` (`student_session_id`),
  KEY `fees_discount_id` (`fees_discount_id`)
) ENGINE=InnoDB AUTO_INCREMENT=2 DEFAULT CHARSET=utf8;

INSERT INTO `student_fees_discounts` (`id`, `student_session_id`, `fees_discount_id`, `status`, `payment_id`, `description`, `is_active`, `created_at`) VALUES (1, 1, 1, 'applied', '1/1', ' Collected By: Super Admin', 'no', '2019-04-17 18:03:27');


#
# TABLE STRUCTURE FOR: student_fees_master
#

DROP TABLE IF EXISTS `student_fees_master`;

CREATE TABLE `student_fees_master` (
  `id` int(11) NOT NULL AUTO_INCREMENT,
  `is_system` int(1) NOT NULL DEFAULT '0',
  `student_session_id` int(11) DEFAULT NULL,
  `fee_session_group_id` int(11) DEFAULT NULL,
  `amount` float(10,2) DEFAULT '0.00',
  `is_active` varchar(10) NOT NULL DEFAULT 'no',
  `created_at` timestamp NOT NULL DEFAULT CURRENT_TIMESTAMP ON UPDATE CURRENT_TIMESTAMP,
  PRIMARY KEY (`id`),
  KEY `student_session_id` (`student_session_id`),
  KEY `fee_session_group_id` (`fee_session_group_id`)
) ENGINE=InnoDB AUTO_INCREMENT=2 DEFAULT CHARSET=utf8;

INSERT INTO `student_fees_master` (`id`, `is_system`, `student_session_id`, `fee_session_group_id`, `amount`, `is_active`, `created_at`) VALUES (1, 1, 1, 2, '33000.00', 'no', '2019-04-17 18:01:13');


#
# TABLE STRUCTURE FOR: student_session
#

DROP TABLE IF EXISTS `student_session`;

CREATE TABLE `student_session` (
  `id` int(11) NOT NULL AUTO_INCREMENT,
  `session_id` int(11) DEFAULT NULL,
  `student_id` int(11) DEFAULT NULL,
  `class_id` int(11) DEFAULT NULL,
  `section_id` int(11) DEFAULT NULL,
  `route_id` int(11) NOT NULL,
  `hostel_room_id` int(11) NOT NULL,
  `vehroute_id` int(10) DEFAULT NULL,
  `transport_fees` float(10,2) NOT NULL DEFAULT '0.00',
  `fees_discount` float(10,2) NOT NULL DEFAULT '0.00',
  `is_active` varchar(255) DEFAULT 'no',
  `created_at` timestamp NOT NULL DEFAULT CURRENT_TIMESTAMP ON UPDATE CURRENT_TIMESTAMP,
  `updated_at` timestamp NOT NULL DEFAULT '0000-00-00 00:00:00',
  PRIMARY KEY (`id`)
) ENGINE=InnoDB AUTO_INCREMENT=2 DEFAULT CHARSET=utf8;

INSERT INTO `student_session` (`id`, `session_id`, `student_id`, `class_id`, `section_id`, `route_id`, `hostel_room_id`, `vehroute_id`, `transport_fees`, `fees_discount`, `is_active`, `created_at`, `updated_at`) VALUES (1, 13, 1, 2, 1, 0, 0, NULL, '0.00', '0.00', 'no', '2019-04-17 17:43:30', '0000-00-00 00:00:00');


#
# TABLE STRUCTURE FOR: student_sibling
#

DROP TABLE IF EXISTS `student_sibling`;

CREATE TABLE `student_sibling` (
  `id` int(11) NOT NULL AUTO_INCREMENT,
  `student_id` int(11) DEFAULT NULL,
  `sibling_student_id` int(11) DEFAULT NULL,
  `is_active` varchar(255) DEFAULT 'no',
  `created_at` timestamp NOT NULL DEFAULT CURRENT_TIMESTAMP ON UPDATE CURRENT_TIMESTAMP,
  `updated_at` timestamp NOT NULL DEFAULT '0000-00-00 00:00:00',
  PRIMARY KEY (`id`)
) ENGINE=InnoDB DEFAULT CHARSET=utf8;

#
# TABLE STRUCTURE FOR: student_timeline
#

DROP TABLE IF EXISTS `student_timeline`;

CREATE TABLE `student_timeline` (
  `id` int(11) NOT NULL AUTO_INCREMENT,
  `student_id` int(11) NOT NULL,
  `title` varchar(200) NOT NULL,
  `timeline_date` date NOT NULL,
  `description` varchar(200) NOT NULL,
  `document` varchar(200) NOT NULL,
  `status` varchar(200) NOT NULL,
  `date` date NOT NULL,
  PRIMARY KEY (`id`)
) ENGINE=InnoDB DEFAULT CHARSET=utf8;

#
# TABLE STRUCTURE FOR: student_transport_fees
#

DROP TABLE IF EXISTS `student_transport_fees`;

CREATE TABLE `student_transport_fees` (
  `id` int(11) NOT NULL AUTO_INCREMENT,
  `student_session_id` int(11) DEFAULT NULL,
  `amount` float(10,2) DEFAULT NULL,
  `amount_discount` float(10,2) NOT NULL,
  `amount_fine` float(10,2) NOT NULL DEFAULT '0.00',
  `description` text,
  `date` date DEFAULT '0000-00-00',
  `is_active` varchar(255) DEFAULT 'no',
  `payment_mode` varchar(50) NOT NULL,
  `created_at` timestamp NOT NULL DEFAULT CURRENT_TIMESTAMP ON UPDATE CURRENT_TIMESTAMP,
  `updated_at` timestamp NOT NULL DEFAULT '0000-00-00 00:00:00',
  PRIMARY KEY (`id`)
) ENGINE=InnoDB DEFAULT CHARSET=utf8;

#
# TABLE STRUCTURE FOR: students
#

DROP TABLE IF EXISTS `students`;

CREATE TABLE `students` (
  `id` int(11) NOT NULL AUTO_INCREMENT,
  `parent_id` int(11) NOT NULL,
  `admission_no` varchar(100) DEFAULT NULL,
  `roll_no` varchar(100) DEFAULT NULL,
  `admission_date` varchar(100) DEFAULT NULL,
  `firstname` varchar(100) DEFAULT NULL,
  `lastname` varchar(100) DEFAULT NULL,
  `rte` varchar(20) NOT NULL DEFAULT 'No',
  `image` varchar(100) DEFAULT NULL,
  `mobileno` varchar(100) DEFAULT NULL,
  `email` varchar(100) DEFAULT NULL,
  `state` varchar(100) DEFAULT NULL,
  `city` varchar(100) DEFAULT NULL,
  `pincode` varchar(100) DEFAULT NULL,
  `religion` varchar(100) DEFAULT NULL,
  `cast` varchar(50) NOT NULL,
  `dob` varchar(100) DEFAULT NULL,
  `gender` varchar(100) DEFAULT NULL,
  `current_address` text,
  `permanent_address` text,
  `category_id` varchar(100) DEFAULT NULL,
  `route_id` int(11) NOT NULL,
  `school_house_id` int(11) NOT NULL,
  `blood_group` varchar(200) NOT NULL,
  `vehroute_id` int(11) NOT NULL,
  `hostel_room_id` int(11) NOT NULL,
  `adhar_no` varchar(100) DEFAULT NULL,
  `samagra_id` varchar(100) DEFAULT NULL,
  `bank_account_no` varchar(100) DEFAULT NULL,
  `bank_name` varchar(100) DEFAULT NULL,
  `ifsc_code` varchar(100) DEFAULT NULL,
  `guardian_is` varchar(100) NOT NULL,
  `father_name` varchar(100) DEFAULT NULL,
  `father_phone` varchar(100) DEFAULT NULL,
  `father_occupation` varchar(100) DEFAULT NULL,
  `mother_name` varchar(100) DEFAULT NULL,
  `mother_phone` varchar(100) DEFAULT NULL,
  `mother_occupation` varchar(100) DEFAULT NULL,
  `guardian_name` varchar(100) DEFAULT NULL,
  `guardian_relation` varchar(100) DEFAULT NULL,
  `guardian_phone` varchar(100) DEFAULT NULL,
  `guardian_occupation` varchar(150) NOT NULL,
  `guardian_address` text,
  `guardian_email` varchar(100) NOT NULL,
  `father_pic` varchar(200) NOT NULL,
  `mother_pic` varchar(200) NOT NULL,
  `guardian_pic` varchar(200) NOT NULL,
  `is_active` varchar(255) DEFAULT 'no',
  `previous_school` text,
  `height` varchar(100) NOT NULL,
  `weight` varchar(100) NOT NULL,
  `measurement_date` date NOT NULL,
  `created_at` timestamp NOT NULL DEFAULT CURRENT_TIMESTAMP ON UPDATE CURRENT_TIMESTAMP,
  `updated_at` timestamp NOT NULL DEFAULT '0000-00-00 00:00:00',
  `disable_at` date NOT NULL,
  `note` varchar(200) NOT NULL,
  PRIMARY KEY (`id`)
) ENGINE=InnoDB AUTO_INCREMENT=2 DEFAULT CHARSET=utf8;

INSERT INTO `students` (`id`, `parent_id`, `admission_no`, `roll_no`, `admission_date`, `firstname`, `lastname`, `rte`, `image`, `mobileno`, `email`, `state`, `city`, `pincode`, `religion`, `cast`, `dob`, `gender`, `current_address`, `permanent_address`, `category_id`, `route_id`, `school_house_id`, `blood_group`, `vehroute_id`, `hostel_room_id`, `adhar_no`, `samagra_id`, `bank_account_no`, `bank_name`, `ifsc_code`, `guardian_is`, `father_name`, `father_phone`, `father_occupation`, `mother_name`, `mother_phone`, `mother_occupation`, `guardian_name`, `guardian_relation`, `guardian_phone`, `guardian_occupation`, `guardian_address`, `guardian_email`, `father_pic`, `mother_pic`, `guardian_pic`, `is_active`, `previous_school`, `height`, `weight`, `measurement_date`, `created_at`, `updated_at`, `disable_at`, `note`) VALUES (1, 3, '2432', '324', '2019-04-17', 'arti', '', 'No', 'uploads/student_images/no_image.png', '', '', NULL, NULL, NULL, '', '', '2019-04-01', 'Female', '', '', '1', 0, 0, '', 1, 1, '', '', '', '', '', 'mother', 'Xys', '4561337894', 'das', 'ghj', '4561237894', 'kjl', 'ghj', 'Mother', '4561237894', 'kjl', '', '', '', '', '', 'yes', '', '', '', '2019-04-17', '2019-04-17 21:57:04', '0000-00-00 00:00:00', '0000-00-00', '');


#
# TABLE STRUCTURE FOR: subjects
#

DROP TABLE IF EXISTS `subjects`;

CREATE TABLE `subjects` (
  `id` int(11) NOT NULL AUTO_INCREMENT,
  `name` varchar(100) DEFAULT NULL,
  `code` varchar(100) NOT NULL,
  `type` varchar(100) NOT NULL,
  `is_active` varchar(255) DEFAULT 'no',
  `created_at` timestamp NOT NULL DEFAULT CURRENT_TIMESTAMP ON UPDATE CURRENT_TIMESTAMP,
  `updated_at` timestamp NOT NULL DEFAULT '0000-00-00 00:00:00',
  PRIMARY KEY (`id`)
) ENGINE=InnoDB AUTO_INCREMENT=4 DEFAULT CHARSET=utf8;

INSERT INTO `subjects` (`id`, `name`, `code`, `type`, `is_active`, `created_at`, `updated_at`) VALUES (1, 'Methametics', '001', 'Theory', 'no', '2019-03-06 23:07:35', '0000-00-00 00:00:00');
INSERT INTO `subjects` (`id`, `name`, `code`, `type`, `is_active`, `created_at`, `updated_at`) VALUES (2, 'English', '002', 'Theory', 'no', '2019-04-16 18:43:34', '0000-00-00 00:00:00');
INSERT INTO `subjects` (`id`, `name`, `code`, `type`, `is_active`, `created_at`, `updated_at`) VALUES (3, 'Hindi', '003', 'Theory', 'no', '2019-04-16 18:43:50', '0000-00-00 00:00:00');


#
# TABLE STRUCTURE FOR: teacher_subjects
#

DROP TABLE IF EXISTS `teacher_subjects`;

CREATE TABLE `teacher_subjects` (
  `id` int(11) NOT NULL AUTO_INCREMENT,
  `session_id` int(11) DEFAULT NULL,
  `class_section_id` int(11) DEFAULT NULL,
  `subject_id` int(11) DEFAULT NULL,
  `teacher_id` int(11) DEFAULT NULL,
  `description` varchar(100) DEFAULT NULL,
  `is_active` varchar(255) DEFAULT 'no',
  `created_at` timestamp NOT NULL DEFAULT CURRENT_TIMESTAMP ON UPDATE CURRENT_TIMESTAMP,
  `updated_at` timestamp NOT NULL DEFAULT '0000-00-00 00:00:00',
  PRIMARY KEY (`id`),
  KEY `class_section_id` (`class_section_id`),
  KEY `session_id` (`session_id`),
  KEY `subject_id` (`subject_id`),
  KEY `teacher_id` (`teacher_id`)
) ENGINE=InnoDB AUTO_INCREMENT=4 DEFAULT CHARSET=utf8;

INSERT INTO `teacher_subjects` (`id`, `session_id`, `class_section_id`, `subject_id`, `teacher_id`, `description`, `is_active`, `created_at`, `updated_at`) VALUES (1, 13, 1, 1, 2, NULL, 'no', '2019-04-17 18:20:59', '0000-00-00 00:00:00');
INSERT INTO `teacher_subjects` (`id`, `session_id`, `class_section_id`, `subject_id`, `teacher_id`, `description`, `is_active`, `created_at`, `updated_at`) VALUES (2, 13, 1, 2, 2, NULL, 'no', '2019-04-17 18:21:36', '0000-00-00 00:00:00');
INSERT INTO `teacher_subjects` (`id`, `session_id`, `class_section_id`, `subject_id`, `teacher_id`, `description`, `is_active`, `created_at`, `updated_at`) VALUES (3, 13, 1, 3, 2, NULL, 'no', '2019-04-17 18:21:37', '0000-00-00 00:00:00');


#
# TABLE STRUCTURE FOR: timetables
#

DROP TABLE IF EXISTS `timetables`;

CREATE TABLE `timetables` (
  `id` int(11) NOT NULL AUTO_INCREMENT,
  `teacher_subject_id` int(20) DEFAULT NULL,
  `day_name` varchar(50) DEFAULT NULL,
  `start_time` varchar(50) DEFAULT NULL,
  `end_time` varchar(50) DEFAULT NULL,
  `room_no` varchar(50) DEFAULT NULL,
  `is_active` varchar(255) DEFAULT 'no',
  `created_at` timestamp NOT NULL DEFAULT CURRENT_TIMESTAMP ON UPDATE CURRENT_TIMESTAMP,
  `updated_at` timestamp NOT NULL DEFAULT '0000-00-00 00:00:00',
  PRIMARY KEY (`id`)
) ENGINE=InnoDB AUTO_INCREMENT=22 DEFAULT CHARSET=utf8;

INSERT INTO `timetables` (`id`, `teacher_subject_id`, `day_name`, `start_time`, `end_time`, `room_no`, `is_active`, `created_at`, `updated_at`) VALUES (1, 1, 'Monday', '09:00 AM', '10:00 AM', '101', 'no', '2019-04-17 18:32:22', '0000-00-00 00:00:00');
INSERT INTO `timetables` (`id`, `teacher_subject_id`, `day_name`, `start_time`, `end_time`, `room_no`, `is_active`, `created_at`, `updated_at`) VALUES (2, 1, 'Tuesday', '09:00 AM', '10:00 AM', '101', 'no', '2019-04-17 18:32:22', '0000-00-00 00:00:00');
INSERT INTO `timetables` (`id`, `teacher_subject_id`, `day_name`, `start_time`, `end_time`, `room_no`, `is_active`, `created_at`, `updated_at`) VALUES (3, 1, 'Wednesday', '09:00 AM', '10:00 AM', '101', 'no', '2019-04-17 18:32:22', '0000-00-00 00:00:00');
INSERT INTO `timetables` (`id`, `teacher_subject_id`, `day_name`, `start_time`, `end_time`, `room_no`, `is_active`, `created_at`, `updated_at`) VALUES (4, 1, 'Thursday', '10:00 AM', '11:00 AM', '101', 'no', '2019-04-17 18:32:22', '0000-00-00 00:00:00');
INSERT INTO `timetables` (`id`, `teacher_subject_id`, `day_name`, `start_time`, `end_time`, `room_no`, `is_active`, `created_at`, `updated_at`) VALUES (5, 1, 'Friday', '10:00 AM', '11:00 AM', '101', 'no', '2019-04-17 18:32:22', '0000-00-00 00:00:00');
INSERT INTO `timetables` (`id`, `teacher_subject_id`, `day_name`, `start_time`, `end_time`, `room_no`, `is_active`, `created_at`, `updated_at`) VALUES (6, 1, 'Saturday', '10:00 AM', '11:00 AM', '101', 'no', '2019-04-17 18:32:22', '0000-00-00 00:00:00');
INSERT INTO `timetables` (`id`, `teacher_subject_id`, `day_name`, `start_time`, `end_time`, `room_no`, `is_active`, `created_at`, `updated_at`) VALUES (7, 1, 'Sunday', '', '', '', 'no', '2019-04-17 18:32:22', '0000-00-00 00:00:00');
INSERT INTO `timetables` (`id`, `teacher_subject_id`, `day_name`, `start_time`, `end_time`, `room_no`, `is_active`, `created_at`, `updated_at`) VALUES (8, 2, 'Monday', '10:00 AM', '11:00 AM', '101', 'no', '2019-04-17 18:37:51', '0000-00-00 00:00:00');
INSERT INTO `timetables` (`id`, `teacher_subject_id`, `day_name`, `start_time`, `end_time`, `room_no`, `is_active`, `created_at`, `updated_at`) VALUES (9, 2, 'Tuesday', '10:00 AM', '11:00 AM', '101', 'no', '2019-04-17 18:37:51', '0000-00-00 00:00:00');
INSERT INTO `timetables` (`id`, `teacher_subject_id`, `day_name`, `start_time`, `end_time`, `room_no`, `is_active`, `created_at`, `updated_at`) VALUES (10, 2, 'Wednesday', '10:00 AM', '11:00 AM', '101', 'no', '2019-04-17 18:37:51', '0000-00-00 00:00:00');
INSERT INTO `timetables` (`id`, `teacher_subject_id`, `day_name`, `start_time`, `end_time`, `room_no`, `is_active`, `created_at`, `updated_at`) VALUES (11, 2, 'Thursday', '09:00 AM', '10:00 AM', '101', 'no', '2019-04-17 18:37:51', '0000-00-00 00:00:00');
INSERT INTO `timetables` (`id`, `teacher_subject_id`, `day_name`, `start_time`, `end_time`, `room_no`, `is_active`, `created_at`, `updated_at`) VALUES (12, 2, 'Friday', '09:00 AM', '10:00 AM', '101', 'no', '2019-04-17 18:37:51', '0000-00-00 00:00:00');
INSERT INTO `timetables` (`id`, `teacher_subject_id`, `day_name`, `start_time`, `end_time`, `room_no`, `is_active`, `created_at`, `updated_at`) VALUES (13, 2, 'Saturday', '09:00 AM', '10:00 AM', '101', 'no', '2019-04-17 18:37:52', '0000-00-00 00:00:00');
INSERT INTO `timetables` (`id`, `teacher_subject_id`, `day_name`, `start_time`, `end_time`, `room_no`, `is_active`, `created_at`, `updated_at`) VALUES (14, 2, 'Sunday', '', '', '', 'no', '2019-04-17 18:37:52', '0000-00-00 00:00:00');
INSERT INTO `timetables` (`id`, `teacher_subject_id`, `day_name`, `start_time`, `end_time`, `room_no`, `is_active`, `created_at`, `updated_at`) VALUES (15, 3, 'Monday', '11:00 AM', '12:00 PM', '101', 'no', '2019-04-17 18:40:10', '0000-00-00 00:00:00');
INSERT INTO `timetables` (`id`, `teacher_subject_id`, `day_name`, `start_time`, `end_time`, `room_no`, `is_active`, `created_at`, `updated_at`) VALUES (16, 3, 'Tuesday', '11:00 AM', '12:00 PM', '101', 'no', '2019-04-17 18:40:10', '0000-00-00 00:00:00');
INSERT INTO `timetables` (`id`, `teacher_subject_id`, `day_name`, `start_time`, `end_time`, `room_no`, `is_active`, `created_at`, `updated_at`) VALUES (17, 3, 'Wednesday', '11:00 AM', '12:00 PM', '101', 'no', '2019-04-17 18:40:10', '0000-00-00 00:00:00');
INSERT INTO `timetables` (`id`, `teacher_subject_id`, `day_name`, `start_time`, `end_time`, `room_no`, `is_active`, `created_at`, `updated_at`) VALUES (18, 3, 'Thursday', '11:00 AM', '12:00 PM', '101', 'no', '2019-04-17 18:40:10', '0000-00-00 00:00:00');
INSERT INTO `timetables` (`id`, `teacher_subject_id`, `day_name`, `start_time`, `end_time`, `room_no`, `is_active`, `created_at`, `updated_at`) VALUES (19, 3, 'Friday', '11:00 AM', '12:00 PM', '101', 'no', '2019-04-17 18:40:10', '0000-00-00 00:00:00');
INSERT INTO `timetables` (`id`, `teacher_subject_id`, `day_name`, `start_time`, `end_time`, `room_no`, `is_active`, `created_at`, `updated_at`) VALUES (20, 3, 'Saturday', '11:00 AM', '12:00 PM', '101', 'no', '2019-04-17 18:40:10', '0000-00-00 00:00:00');
INSERT INTO `timetables` (`id`, `teacher_subject_id`, `day_name`, `start_time`, `end_time`, `room_no`, `is_active`, `created_at`, `updated_at`) VALUES (21, 3, 'Sunday', '', '', '', 'no', '2019-04-17 18:40:10', '0000-00-00 00:00:00');


#
# TABLE STRUCTURE FOR: transport_route
#

DROP TABLE IF EXISTS `transport_route`;

CREATE TABLE `transport_route` (
  `id` int(11) NOT NULL AUTO_INCREMENT,
  `route_title` varchar(100) DEFAULT NULL,
  `no_of_vehicle` int(11) DEFAULT NULL,
  `fare` float(10,2) DEFAULT NULL,
  `note` text,
  `is_active` varchar(255) DEFAULT 'no',
  `created_at` timestamp NOT NULL DEFAULT CURRENT_TIMESTAMP ON UPDATE CURRENT_TIMESTAMP,
  `updated_at` timestamp NOT NULL DEFAULT '0000-00-00 00:00:00',
  PRIMARY KEY (`id`)
) ENGINE=InnoDB AUTO_INCREMENT=5 DEFAULT CHARSET=utf8;

INSERT INTO `transport_route` (`id`, `route_title`, `no_of_vehicle`, `fare`, `note`, `is_active`, `created_at`, `updated_at`) VALUES (1, 'Sudama Nagar', NULL, '0.00', NULL, 'no', '2019-04-17 21:52:47', '0000-00-00 00:00:00');
INSERT INTO `transport_route` (`id`, `route_title`, `no_of_vehicle`, `fare`, `note`, `is_active`, `created_at`, `updated_at`) VALUES (2, 'Vijay Nagar', NULL, '500.00', NULL, 'no', '2019-04-18 15:08:57', '0000-00-00 00:00:00');
INSERT INTO `transport_route` (`id`, `route_title`, `no_of_vehicle`, `fare`, `note`, `is_active`, `created_at`, `updated_at`) VALUES (3, 'Rajwada', NULL, '500.00', NULL, 'no', '2019-04-18 15:09:07', '0000-00-00 00:00:00');
INSERT INTO `transport_route` (`id`, `route_title`, `no_of_vehicle`, `fare`, `note`, `is_active`, `created_at`, `updated_at`) VALUES (4, 'Rau', NULL, '1000.00', NULL, 'no', '2019-04-18 15:09:16', '0000-00-00 00:00:00');


#
# TABLE STRUCTURE FOR: userlog
#

DROP TABLE IF EXISTS `userlog`;

CREATE TABLE `userlog` (
  `id` int(11) NOT NULL AUTO_INCREMENT,
  `user` varchar(100) DEFAULT NULL,
  `role` varchar(100) DEFAULT NULL,
  `ipaddress` varchar(100) DEFAULT NULL,
  `user_agent` varchar(500) DEFAULT NULL,
  `login_datetime` timestamp NOT NULL DEFAULT CURRENT_TIMESTAMP ON UPDATE CURRENT_TIMESTAMP,
  PRIMARY KEY (`id`)
) ENGINE=InnoDB AUTO_INCREMENT=17 DEFAULT CHARSET=utf8;

INSERT INTO `userlog` (`id`, `user`, `role`, `ipaddress`, `user_agent`, `login_datetime`) VALUES (1, 'admin@gmail.com', 'Super Admin', '::1', 'Chrome 70.0.3538.102, Windows 10', '2018-11-15 15:27:10');
INSERT INTO `userlog` (`id`, `user`, `role`, `ipaddress`, `user_agent`, `login_datetime`) VALUES (2, 'admin@gmail.com', 'Super Admin', '::1', 'Chrome 70.0.3538.102, Windows 10', '2018-11-16 14:07:13');
INSERT INTO `userlog` (`id`, `user`, `role`, `ipaddress`, `user_agent`, `login_datetime`) VALUES (3, 'admin@gmail.com', 'Super Admin', '::1', 'Firefox 63.0, Windows 10', '2018-11-19 15:01:32');
INSERT INTO `userlog` (`id`, `user`, `role`, `ipaddress`, `user_agent`, `login_datetime`) VALUES (4, 'admin@gmail.com', 'Super Admin', '::1', 'Chrome 70.0.3538.110, Windows 10', '2018-11-28 13:43:08');
INSERT INTO `userlog` (`id`, `user`, `role`, `ipaddress`, `user_agent`, `login_datetime`) VALUES (5, 'admin@gmail.com', 'Super Admin', '::1', 'Chrome 72.0.3626.121, Windows 10', '2019-03-06 22:50:39');
INSERT INTO `userlog` (`id`, `user`, `role`, `ipaddress`, `user_agent`, `login_datetime`) VALUES (6, 'admin@gmail.com', 'Super Admin', '::1', 'Chrome 73.0.3683.103, Windows 10', '2019-04-16 15:55:48');
INSERT INTO `userlog` (`id`, `user`, `role`, `ipaddress`, `user_agent`, `login_datetime`) VALUES (7, 'admin@gmail.com', 'Super Admin', '::1', 'Chrome 73.0.3683.103, Windows 10', '2019-04-16 18:34:32');
INSERT INTO `userlog` (`id`, `user`, `role`, `ipaddress`, `user_agent`, `login_datetime`) VALUES (8, 'admin@gmail.com', 'Super Admin', '::1', 'Chrome 73.0.3683.103, Windows 10', '2019-04-17 16:59:40');
INSERT INTO `userlog` (`id`, `user`, `role`, `ipaddress`, `user_agent`, `login_datetime`) VALUES (9, 'admin@gmail.com', 'Super Admin', '::1', 'Chrome 73.0.3683.103, Windows 10', '2019-04-17 17:02:02');
INSERT INTO `userlog` (`id`, `user`, `role`, `ipaddress`, `user_agent`, `login_datetime`) VALUES (10, 'parent1', 'parent', '::1', 'Chrome 73.0.3683.103, Windows 10', '2019-04-17 17:44:44');
INSERT INTO `userlog` (`id`, `user`, `role`, `ipaddress`, `user_agent`, `login_datetime`) VALUES (11, 'admin', 'student', '::1', 'Chrome 73.0.3683.103, Windows 10', '2019-04-17 17:45:49');
INSERT INTO `userlog` (`id`, `user`, `role`, `ipaddress`, `user_agent`, `login_datetime`) VALUES (12, 'admin@gmail.com', 'Super Admin', '::1', 'Chrome 73.0.3683.103, Windows 10', '2019-04-17 17:47:57');
INSERT INTO `userlog` (`id`, `user`, `role`, `ipaddress`, `user_agent`, `login_datetime`) VALUES (13, 'admin@gmail.com', 'Super Admin', '::1', 'Chrome 73.0.3683.103, Windows 10', '2019-04-17 21:39:49');
INSERT INTO `userlog` (`id`, `user`, `role`, `ipaddress`, `user_agent`, `login_datetime`) VALUES (14, 'admin@gmail.com', 'Super Admin', '::1', 'Chrome 73.0.3683.103, Windows 10', '2019-04-17 21:51:48');
INSERT INTO `userlog` (`id`, `user`, `role`, `ipaddress`, `user_agent`, `login_datetime`) VALUES (15, 'admin@gmail.com', 'Super Admin', '::1', 'Chrome 73.0.3683.103, Windows 10', '2019-04-18 14:17:55');
INSERT INTO `userlog` (`id`, `user`, `role`, `ipaddress`, `user_agent`, `login_datetime`) VALUES (16, 'shashivani01@gmail.com', 'Teacher', '::1', 'Chrome 73.0.3683.103, Windows 10', '2019-04-18 14:23:01');


#
# TABLE STRUCTURE FOR: users
#

DROP TABLE IF EXISTS `users`;

CREATE TABLE `users` (
  `id` int(11) NOT NULL AUTO_INCREMENT,
  `user_id` int(10) NOT NULL,
  `username` varchar(50) DEFAULT NULL,
  `password` varchar(50) DEFAULT NULL,
  `childs` text NOT NULL,
  `role` varchar(30) NOT NULL,
  `verification_code` varchar(200) NOT NULL,
  `is_active` varchar(255) DEFAULT 'yes',
  `created_at` timestamp NOT NULL DEFAULT CURRENT_TIMESTAMP ON UPDATE CURRENT_TIMESTAMP,
  `updated_at` timestamp NOT NULL DEFAULT '0000-00-00 00:00:00',
  PRIMARY KEY (`id`)
) ENGINE=InnoDB AUTO_INCREMENT=4 DEFAULT CHARSET=utf8;

INSERT INTO `users` (`id`, `user_id`, `username`, `password`, `childs`, `role`, `verification_code`, `is_active`, `created_at`, `updated_at`) VALUES (1, 1, 'admin', 'admin', '$2y$10$A6kTVRMwZIqGP3UhR1JIYedylu8k/nPYLcYF8MeVOMlavvbeZsC2u', 'student', '', 'yes', '2018-11-16 14:03:24', '0000-00-00 00:00:00');
INSERT INTO `users` (`id`, `user_id`, `username`, `password`, `childs`, `role`, `verification_code`, `is_active`, `created_at`, `updated_at`) VALUES (2, 1, 'std1', '27pumy', '', 'student', '', 'yes', '2019-04-17 17:43:30', '0000-00-00 00:00:00');
INSERT INTO `users` (`id`, `user_id`, `username`, `password`, `childs`, `role`, `verification_code`, `is_active`, `created_at`, `updated_at`) VALUES (3, 0, 'parent1', '10yz1r', '1', 'parent', '', 'yes', '2019-04-17 17:43:30', '0000-00-00 00:00:00');


#
# TABLE STRUCTURE FOR: vehicle_routes
#

DROP TABLE IF EXISTS `vehicle_routes`;

CREATE TABLE `vehicle_routes` (
  `id` int(11) unsigned NOT NULL AUTO_INCREMENT,
  `route_id` int(11) DEFAULT NULL,
  `vehicle_id` int(11) DEFAULT NULL,
  `created_at` timestamp NOT NULL DEFAULT CURRENT_TIMESTAMP ON UPDATE CURRENT_TIMESTAMP,
  PRIMARY KEY (`id`)
) ENGINE=InnoDB AUTO_INCREMENT=5 DEFAULT CHARSET=utf8;

INSERT INTO `vehicle_routes` (`id`, `route_id`, `vehicle_id`, `created_at`) VALUES (1, 1, 1, '2019-04-17 21:54:04');
INSERT INTO `vehicle_routes` (`id`, `route_id`, `vehicle_id`, `created_at`) VALUES (2, 2, 2, '2019-04-18 15:13:53');
INSERT INTO `vehicle_routes` (`id`, `route_id`, `vehicle_id`, `created_at`) VALUES (3, 3, 3, '2019-04-18 15:14:08');
INSERT INTO `vehicle_routes` (`id`, `route_id`, `vehicle_id`, `created_at`) VALUES (4, 4, 1, '2019-04-18 15:14:34');


#
# TABLE STRUCTURE FOR: vehicles
#

DROP TABLE IF EXISTS `vehicles`;

CREATE TABLE `vehicles` (
  `id` int(10) unsigned NOT NULL AUTO_INCREMENT,
  `vehicle_no` varchar(20) DEFAULT NULL,
  `vehicle_model` varchar(100) NOT NULL DEFAULT 'None',
  `manufacture_year` varchar(4) DEFAULT NULL,
  `driver_name` varchar(50) DEFAULT NULL,
  `driver_licence` varchar(50) NOT NULL DEFAULT 'None',
  `driver_contact` varchar(20) DEFAULT NULL,
  `note` text,
  `created_at` timestamp NOT NULL DEFAULT CURRENT_TIMESTAMP ON UPDATE CURRENT_TIMESTAMP,
  PRIMARY KEY (`id`)
) ENGINE=InnoDB AUTO_INCREMENT=4 DEFAULT CHARSET=utf8;

INSERT INTO `vehicles` (`id`, `vehicle_no`, `vehicle_model`, `manufacture_year`, `driver_name`, `driver_licence`, `driver_contact`, `note`, `created_at`) VALUES (1, 'MP-09-MK-9652', '2055', '2050', 'Shubh', 'Yes', '8770669865', '', '2019-04-17 21:53:50');
INSERT INTO `vehicles` (`id`, `vehicle_no`, `vehicle_model`, `manufacture_year`, `driver_name`, `driver_licence`, `driver_contact`, `note`, `created_at`) VALUES (2, 'MP-09-MD-2355', '5211', '2018', 'Raju', 'Yes', '4567891329', '', '2019-04-18 15:11:38');
INSERT INTO `vehicles` (`id`, `vehicle_no`, `vehicle_model`, `manufacture_year`, `driver_name`, `driver_licence`, `driver_contact`, `note`, `created_at`) VALUES (3, 'MP-09-LP-5689', '6912', '2018', 'Kalu', 'Yes', '7894561296', NULL, '2019-04-18 15:12:55');


#
# TABLE STRUCTURE FOR: visitors_book
#

DROP TABLE IF EXISTS `visitors_book`;

CREATE TABLE `visitors_book` (
  `id` int(11) NOT NULL AUTO_INCREMENT,
  `source` varchar(100) DEFAULT NULL,
  `purpose` varchar(20) NOT NULL,
  `name` varchar(100) NOT NULL,
  `email` varchar(100) DEFAULT NULL,
  `contact` varchar(12) NOT NULL,
  `id_proof` varchar(50) NOT NULL,
  `no_of_pepple` int(11) NOT NULL,
  `date` date NOT NULL,
  `in_time` varchar(20) NOT NULL,
  `out_time` varchar(20) NOT NULL,
  `note` mediumtext NOT NULL,
  `image` varchar(100) NOT NULL,
  PRIMARY KEY (`id`)
) ENGINE=InnoDB AUTO_INCREMENT=2 DEFAULT CHARSET=utf8;

INSERT INTO `visitors_book` (`id`, `source`, `purpose`, `name`, `email`, `contact`, `id_proof`, `no_of_pepple`, `date`, `in_time`, `out_time`, `note`, `image`) VALUES (1, NULL, 'Student Admission ', 'Krishna', NULL, '1234567891', 'Adhar Card', 2, '2019-04-17', '11:00 AM', '12:00 PM', 'Got the Admission Form ', '');


#
# TABLE STRUCTURE FOR: visitors_purpose
#

DROP TABLE IF EXISTS `visitors_purpose`;

CREATE TABLE `visitors_purpose` (
  `id` int(11) NOT NULL AUTO_INCREMENT,
  `visitors_purpose` varchar(100) NOT NULL,
  `description` mediumtext NOT NULL,
  PRIMARY KEY (`id`)
) ENGINE=InnoDB AUTO_INCREMENT=4 DEFAULT CHARSET=utf8;

INSERT INTO `visitors_purpose` (`id`, `visitors_purpose`, `description`) VALUES (1, 'Student Admission ', 'Want student admission from class 3');
INSERT INTO `visitors_purpose` (`id`, `visitors_purpose`, `description`) VALUES (2, 'Vacancy for Staff', 'Vacancy for Staff');
INSERT INTO `visitors_purpose` (`id`, `visitors_purpose`, `description`) VALUES (3, 'Student Admission', 'Admission for class LKG');


